<Objs Version="1.1.0.1" xmlns="http://schemas.microsoft.com/powershell/2004/04">
  <Obj RefId="0">
    <TN RefId="0">
      <T>Microsoft.PowerShell.Commands.PSRepositoryItemInfo</T>
      <T>System.Management.Automation.PSCustomObject</T>
      <T>System.Object</T>
    </TN>
    <MS>
      <S N="Name">xFailOverCluster</S>
      <Version N="Version">1.16.1</Version>
      <S N="Type">Module</S>
      <S N="Description">Module containing DSC resources for deployment and configuration of Windows Server Failover Cluster.</S>
      <S N="Author">DSC Community</S>
      <Obj N="CompanyName" RefId="1">
        <TN RefId="1">
          <T>System.Object[]</T>
          <T>System.Array</T>
          <T>System.Object</T>
        </TN>
        <LST>
          <S>PowerShellTeam</S>
          <S>gaelcolas</S>
          <S>dsccommunity</S>
        </LST>
      </Obj>
      <S N="Copyright">Copyright the DSC Community contributors. All rights reserved.</S>
      <DT N="PublishedDate">2022-05-24T17:36:54-04:00</DT>
      <Obj N="InstalledDate" RefId="2">
        <DT>2023-08-18T14:29:16.7173013-04:00</DT>
        <MS>
          <Obj N="DisplayHint" RefId="3">
            <TN RefId="2">
              <T>Microsoft.PowerShell.Commands.DisplayHintType</T>
              <T>System.Enum</T>
              <T>System.ValueType</T>
              <T>System.Object</T>
            </TN>
            <ToString>DateTime</ToString>
            <I32>2</I32>
          </Obj>
        </MS>
      </Obj>
      <Nil N="UpdatedDate" />
      <URI N="LicenseUri">https://github.com/dsccommunity/xFailOverCluster/blob/main/LICENSE</URI>
      <URI N="ProjectUri">https://github.com/dsccommunity/xFailOverCluster</URI>
      <URI N="IconUri">https://dsccommunity.org/images/DSC_Logo_300p.png</URI>
      <Obj N="Tags" RefId="4">
        <TNRef RefId="1" />
        <LST>
          <S>DesiredStateConfiguration</S>
          <S>DSC</S>
          <S>DSCResourceKit</S>
          <S>DSCResource</S>
          <S>PSModule</S>
        </LST>
      </Obj>
      <Obj N="Includes" RefId="5">
        <TN RefId="3">
          <T>System.Collections.Hashtable</T>
          <T>System.Object</T>
        </TN>
        <DCT>
          <En>
            <S N="Key">Cmdlet</S>
            <Obj N="Value" RefId="6">
              <TNRef RefId="1" />
              <LST />
            </Obj>
          </En>
          <En>
            <S N="Key">Command</S>
            <Ref N="Value" RefId="6" />
          </En>
          <En>
            <S N="Key">Function</S>
            <Ref N="Value" RefId="6" />
          </En>
          <En>
            <S N="Key">Workflow</S>
            <Ref N="Value" RefId="6" />
          </En>
          <En>
            <S N="Key">RoleCapability</S>
            <Ref N="Value" RefId="6" />
          </En>
          <En>
            <S N="Key">DscResource</S>
            <Obj N="Value" RefId="7">
              <TNRef RefId="1" />
              <LST>
                <S>xCluster</S>
                <S>xClusterDisk</S>
                <S>xClusterNetwork</S>
                <S>xClusterPreferredOwner</S>
                <S>xClusterProperty</S>
                <S>xClusterQuorum</S>
                <S>xWaitForCluster</S>
              </LST>
            </Obj>
          </En>
        </DCT>
      </Obj>
      <Nil N="PowerShellGetFormatVersion" />
      <S N="ReleaseNotes">## [1.16.1] - 2022-05-24_x000A__x000D__x000A_### Deprecated_x000D__x000A__x000D__x000A_- **The module _x005F_xFailOverCluster_ will be renamed to _FailoverClusterDsc_ ([issue #69](https://github.com/dsccommunity/xFailOverCluster/issues/69))._x000D__x000A_  The version `v1.6.1` will be the the last release of _x005F_xFailOverCluster_._x000D__x000A_  The Version `v2.0.0` will be released as _FailoverClusterDsc_, it will be_x000D__x000A_  released shortly after the `v1.6.1` release to be able to start transition_x000D__x000A_  to the new module. The prefix 'x' will be removed from all resources in_x000D__x000A_  _FailoverClusterDsc_.**</S>
      <Obj N="Dependencies" RefId="8">
        <TNRef RefId="1" />
        <LST />
      </Obj>
      <S N="RepositorySourceLocation">https://www.powershellgallery.com/api/v2</S>
      <S N="Repository">PSGallery</S>
      <S N="PackageManagementProvider">NuGet</S>
      <Obj N="AdditionalMetadata" RefId="9">
        <TN RefId="4">
          <T>System.Management.Automation.PSCustomObject</T>
          <T>System.Object</T>
        </TN>
        <MS>
          <S N="copyright">Copyright the DSC Community contributors. All rights reserved.</S>
          <S N="description">Module containing DSC resources for deployment and configuration of Windows Server Failover Cluster.</S>
          <S N="requireLicenseAcceptance">False</S>
          <S N="releaseNotes">## [1.16.1] - 2022-05-24_x000A__x000D__x000A_### Deprecated_x000D__x000A__x000D__x000A_- **The module _x005F_xFailOverCluster_ will be renamed to _FailoverClusterDsc_ ([issue #69](https://github.com/dsccommunity/xFailOverCluster/issues/69))._x000D__x000A_  The version `v1.6.1` will be the the last release of _x005F_xFailOverCluster_._x000D__x000A_  The Version `v2.0.0` will be released as _FailoverClusterDsc_, it will be_x000D__x000A_  released shortly after the `v1.6.1` release to be able to start transition_x000D__x000A_  to the new module. The prefix 'x' will be removed from all resources in_x000D__x000A_  _FailoverClusterDsc_.**</S>
          <S N="isLatestVersion">True</S>
          <S N="isAbsoluteLatestVersion">True</S>
          <S N="versionDownloadCount">40404</S>
          <S N="downloadCount">1601064</S>
          <S N="packageSize">33621</S>
          <S N="published">5/24/2022 5:36:54 PM -04:00</S>
          <S N="created">5/24/2022 5:36:54 PM -04:00</S>
          <S N="lastUpdated">8/18/2023 6:05:06 PM -04:00</S>
          <S N="tags">DesiredStateConfiguration DSC DSCResourceKit DSCResource PSModule PSDscResource_x005F_xCluster PSDscResource_x005F_xClusterDisk PSDscResource_x005F_xClusterNetwork PSDscResource_x005F_xClusterPreferredOwner PSDscResource_x005F_xClusterProperty PSDscResource_x005F_xClusterQuorum PSDscResource_x005F_xWaitForCluster PSIncludes_DscResource</S>
          <S N="developmentDependency">False</S>
          <S N="updated">2023-08-18T18:05:06Z</S>
          <S N="NormalizedVersion">1.16.1</S>
          <S N="Authors">DSC Community</S>
          <S N="IsPrerelease">false</S>
          <S N="ItemType">Module</S>
          <S N="FileList">xFailOverCluster.nuspec|xFailOverCluster.psd1|DSCResources\MSFT_x005F_xClusterQuorum\MSFT_x005F_xClusterQuorum.psm1|DSCResources\MSFT_x005F_xCluster\MSFT_x005F_xCluster.psm1|en-US\about_x005F_xFailOverCluster.help.txt|DSCResources\MSFT_x005F_xCluster\MSFT_x005F_xCluster.schema.mof|DSCResources\MSFT_x005F_xClusterDisk\MSFT_x005F_xClusterDisk.psm1|DSCResources\MSFT_x005F_xClusterDisk\en-US\MSFT_x005F_xClusterDisk.strings.psd1|DSCResources\MSFT_x005F_xClusterDisk\MSFT_x005F_xClusterDisk.schema.mof|DSCResources\MSFT_x005F_xClusterNetwork\en-US\MSFT_x005F_xClusterNetwork.strings.psd1|DSCResources\MSFT_x005F_xClusterNetwork\MSFT_x005F_xClusterNetwork.schema.mof|DSCResources\MSFT_x005F_xClusterPreferredOwner\en-US\MSFT_x005F_xClusterPreferredOwner.strings.psd1|DSCResources\MSFT_x005F_xClusterNetwork\MSFT_x005F_xClusterNetwork.psm1|DSCResources\MSFT_x005F_xClusterProperty\en-US\MSFT_x005F_xClusterProperty.strings.psd1|DSCResources\MSFT_x005F_xClusterPreferredOwner\MSFT_x005F_xClusterPreferredOwner.psm1|DSCResources\MSFT_x005F_xWaitForCluster\en-US\MSFT_x005F_xWaitForCluster.strings.psd1|DSCResources\MSFT_x005F_xClusterPreferredOwner\MSFT_x005F_xClusterPreferredOwner.schema.mof|DSCResources\MSFT_x005F_xClusterQuorum\en-US\MSFT_x005F_xClusterQuorum.strings.psd1|DSCResources\MSFT_x005F_xClusterProperty\MSFT_x005F_xClusterProperty.psm1|DSCResources\MSFT_x005F_xCluster\en-US\MSFT_x005F_xCluster.strings.psd1|DSCResources\MSFT_x005F_xClusterProperty\MSFT_x005F_xClusterProperty.schema.mof|Modules\DscResource.Common\0.2.0\DscResource.Common.psm1|DSCResources\MSFT_x005F_xWaitForCluster\MSFT_x005F_xWaitForCluster.schema.mof|Modules\DscResource.Common\0.2.0\DscResource.Common.psd1|DSCResources\MSFT_x005F_xWaitForCluster\MSFT_x005F_xWaitForCluster.psm1|Modules\DscResource.Common\0.2.0\en-US\DscResource.Common.psd1|DSCResources\MSFT_x005F_xClusterQuorum\MSFT_x005F_xClusterQuorum.schema.mof|Modules\DscResource.Common\0.2.0\en-US\about_DscResource.Common.help.txt</S>
          <S N="GUID">026e7fd8-06dd-41bc-b373-59366ab18679</S>
          <S N="PowerShellVersion">4.0</S>
          <S N="CompanyName">DSC Community</S>
        </MS>
      </Obj>
      <S N="InstalledLocation">C:\Users\labadmin\Documents\PowerShell\Modules\xFailOverCluster\1.16.1</S>
    </MS>
  </Obj>
</Objs>
