<Objs Version="1.1.0.1" xmlns="http://schemas.microsoft.com/powershell/2004/04">
  <Obj RefId="0">
    <TN RefId="0">
      <T>Microsoft.PowerShell.Commands.PSRepositoryItemInfo</T>
      <T>System.Management.Automation.PSCustomObject</T>
      <T>System.Object</T>
    </TN>
    <MS>
      <S N="Name">xDscDiagnostics</S>
      <Version N="Version">2.8.0</Version>
      <S N="Type">Module</S>
      <S N="Description">Module to help in reading details from DSC events.</S>
      <S N="Author">DSC Community</S>
      <Obj N="CompanyName" RefId="1">
        <TN RefId="1">
          <T>System.Object[]</T>
          <T>System.Array</T>
          <T>System.Object</T>
        </TN>
        <LST>
          <S>PowerShellTeam</S>
          <S>gaelcolas</S>
          <S>dsccommunity</S>
        </LST>
      </Obj>
      <S N="Copyright">Copyright the DSC Community contributors. All rights reserved.</S>
      <DT N="PublishedDate">2020-05-01T13:32:33-04:00</DT>
      <Obj N="InstalledDate" RefId="2">
        <DT>2023-08-18T14:29:01.5609797-04:00</DT>
        <MS>
          <Obj N="DisplayHint" RefId="3">
            <TN RefId="2">
              <T>Microsoft.PowerShell.Commands.DisplayHintType</T>
              <T>System.Enum</T>
              <T>System.ValueType</T>
              <T>System.Object</T>
            </TN>
            <ToString>DateTime</ToString>
            <I32>2</I32>
          </Obj>
        </MS>
      </Obj>
      <Nil N="UpdatedDate" />
      <URI N="LicenseUri">https://github.com/dsccommunity/xDscDiagnostics/blob/master/LICENSE</URI>
      <URI N="ProjectUri">https://github.com/dsccommunity/xDscDiagnostics</URI>
      <URI N="IconUri">https://dsccommunity.org/images/DSC_Logo_300p.png</URI>
      <Obj N="Tags" RefId="4">
        <TNRef RefId="1" />
        <LST>
          <S>DesiredStateConfiguration</S>
          <S>DSC</S>
          <S>DSCResourceKit</S>
          <S>Diagnostics</S>
          <S>PSModule</S>
        </LST>
      </Obj>
      <Obj N="Includes" RefId="5">
        <TN RefId="3">
          <T>System.Collections.Hashtable</T>
          <T>System.Object</T>
        </TN>
        <DCT>
          <En>
            <S N="Key">Cmdlet</S>
            <Obj N="Value" RefId="6">
              <TNRef RefId="1" />
              <LST />
            </Obj>
          </En>
          <En>
            <S N="Key">Command</S>
            <Obj N="Value" RefId="7">
              <TNRef RefId="1" />
              <LST>
                <S>Get-xDscConfigurationDetail</S>
                <S>Get-xDscDiagnosticsZipDataPoint</S>
                <S>Get-xDscOperation</S>
                <S>New-xDscDiagnosticsZip</S>
                <S>Trace-xDscOperation</S>
                <S>Unprotect-xDscConfiguration</S>
                <S>Update-xDscEventLogStatus</S>
              </LST>
            </Obj>
          </En>
          <En>
            <S N="Key">Function</S>
            <Obj N="Value" RefId="8">
              <TNRef RefId="1" />
              <LST>
                <S>Get-xDscConfigurationDetail</S>
                <S>Get-xDscDiagnosticsZipDataPoint</S>
                <S>Get-xDscOperation</S>
                <S>New-xDscDiagnosticsZip</S>
                <S>Trace-xDscOperation</S>
                <S>Unprotect-xDscConfiguration</S>
                <S>Update-xDscEventLogStatus</S>
              </LST>
            </Obj>
          </En>
          <En>
            <S N="Key">Workflow</S>
            <Ref N="Value" RefId="6" />
          </En>
          <En>
            <S N="Key">RoleCapability</S>
            <Ref N="Value" RefId="6" />
          </En>
          <En>
            <S N="Key">DscResource</S>
            <Ref N="Value" RefId="6" />
          </En>
        </DCT>
      </Obj>
      <Nil N="PowerShellGetFormatVersion" />
      <S N="ReleaseNotes">## [2.8.0] - 2020-05-01_x000A__x000D__x000A_### Added_x000D__x000A__x000D__x000A_- Added automatic release with a new CI pipeline._x000D__x000A__x000D__x000A_### Fixed_x000D__x000A__x000D__x000A_- Fixes #52: Error 'Index operation failed; the array index evaluated to null.'</S>
      <Obj N="Dependencies" RefId="9">
        <TNRef RefId="1" />
        <LST />
      </Obj>
      <S N="RepositorySourceLocation">https://www.powershellgallery.com/api/v2</S>
      <S N="Repository">PSGallery</S>
      <S N="PackageManagementProvider">NuGet</S>
      <Obj N="AdditionalMetadata" RefId="10">
        <TN RefId="4">
          <T>System.Management.Automation.PSCustomObject</T>
          <T>System.Object</T>
        </TN>
        <MS>
          <S N="copyright">Copyright the DSC Community contributors. All rights reserved.</S>
          <S N="description">Module to help in reading details from DSC events.</S>
          <S N="requireLicenseAcceptance">False</S>
          <S N="releaseNotes">## [2.8.0] - 2020-05-01_x000A__x000D__x000A_### Added_x000D__x000A__x000D__x000A_- Added automatic release with a new CI pipeline._x000D__x000A__x000D__x000A_### Fixed_x000D__x000A__x000D__x000A_- Fixes #52: Error 'Index operation failed; the array index evaluated to null.'</S>
          <S N="isLatestVersion">True</S>
          <S N="isAbsoluteLatestVersion">True</S>
          <S N="versionDownloadCount">179189</S>
          <S N="downloadCount">357920</S>
          <S N="packageSize">19388</S>
          <S N="published">5/1/2020 1:32:33 PM -04:00</S>
          <S N="created">5/1/2020 1:32:33 PM -04:00</S>
          <S N="lastUpdated">8/18/2023 5:55:06 PM -04:00</S>
          <S N="tags">DesiredStateConfiguration DSC DSCResourceKit Diagnostics PSModule PSFunction_Get-xDscConfigurationDetail PSCommand_Get-xDscConfigurationDetail PSFunction_Get-xDscDiagnosticsZipDataPoint PSCommand_Get-xDscDiagnosticsZipDataPoint PSFunction_Get-xDscOperation PSCommand_Get-xDscOperation PSFunction_New-xDscDiagnosticsZip PSCommand_New-xDscDiagnosticsZip PSFunction_Trace-xDscOperation PSCommand_Trace-xDscOperation PSFunction_Unprotect-xDscConfiguration PSCommand_Unprotect-xDscConfiguration PSFunction_Update-xDscEventLogStatus PSCommand_Update-xDscEventLogStatus PSIncludes_Function</S>
          <S N="developmentDependency">False</S>
          <S N="updated">2023-08-18T17:55:06Z</S>
          <S N="NormalizedVersion">2.8.0</S>
          <S N="Authors">DSC Community</S>
          <S N="IsPrerelease">false</S>
          <S N="ItemType">Module</S>
          <S N="FileList">xDscDiagnostics.nuspec|xDscDiagnostics.psd1|xDscDiagnostics.psm1|xDscDiagnosticsFormat.ps1xml|en-US\xDscDiagnostics.strings.psd1|en-US\about_x005F_xDscDiagnostics.help.txt</S>
          <S N="GUID">ef098cb4-f7e9-4763-b636-0cd9799e1c9a</S>
          <S N="PowerShellVersion">4.0</S>
          <S N="CLRVersion">4.0</S>
          <S N="CompanyName">DSC Community</S>
        </MS>
      </Obj>
      <S N="InstalledLocation">C:\Users\labadmin\Documents\PowerShell\Modules\xDscDiagnostics\2.8.0</S>
    </MS>
  </Obj>
</Objs>
