<Objs Version="1.1.0.1" xmlns="http://schemas.microsoft.com/powershell/2004/04">
  <Obj RefId="0">
    <TN RefId="0">
      <T>Microsoft.PowerShell.Commands.PSRepositoryItemInfo</T>
      <T>System.Management.Automation.PSCustomObject</T>
      <T>System.Object</T>
    </TN>
    <MS>
      <S N="Name">SqlServerDsc</S>
      <Version N="Version">16.1.0</Version>
      <S N="Type">Module</S>
      <S N="Description">Module with DSC resources for deployment and configuration of Microsoft SQL Server.</S>
      <S N="Author">DSC Community</S>
      <Obj N="CompanyName" RefId="1">
        <TN RefId="1">
          <T>System.Object[]</T>
          <T>System.Array</T>
          <T>System.Object</T>
        </TN>
        <LST>
          <S>PowerShellTeam</S>
          <S>gaelcolas</S>
          <S>dsccommunity</S>
        </LST>
      </Obj>
      <S N="Copyright">Copyright the DSC Community contributors. All rights reserved.</S>
      <DT N="PublishedDate">2023-02-28T20:45:33-05:00</DT>
      <Obj N="InstalledDate" RefId="2">
        <DT>2023-04-03T13:15:32.7735165-04:00</DT>
        <MS>
          <Obj N="DisplayHint" RefId="3">
            <TN RefId="2">
              <T>Microsoft.PowerShell.Commands.DisplayHintType</T>
              <T>System.Enum</T>
              <T>System.ValueType</T>
              <T>System.Object</T>
            </TN>
            <ToString>DateTime</ToString>
            <I32>2</I32>
          </Obj>
        </MS>
      </Obj>
      <Nil N="UpdatedDate" />
      <URI N="LicenseUri">https://github.com/dsccommunity/SqlServerDsc/blob/main/LICENSE</URI>
      <URI N="ProjectUri">https://github.com/dsccommunity/SqlServerDsc</URI>
      <URI N="IconUri">https://dsccommunity.org/images/DSC_Logo_300p.png</URI>
      <Obj N="Tags" RefId="4">
        <TNRef RefId="1" />
        <LST>
          <S>DesiredStateConfiguration</S>
          <S>DSC</S>
          <S>DSCResourceKit</S>
          <S>DSCResource</S>
          <S>PSModule</S>
        </LST>
      </Obj>
      <Obj N="Includes" RefId="5">
        <TN RefId="3">
          <T>System.Collections.Hashtable</T>
          <T>System.Object</T>
        </TN>
        <DCT>
          <En>
            <S N="Key">DscResource</S>
            <Obj N="Value" RefId="6">
              <TNRef RefId="1" />
              <LST>
                <S>SqlAudit</S>
                <S>SqlDatabasePermission</S>
                <S>SqlPermission</S>
                <S>SqlAG</S>
                <S>SqlAGDatabase</S>
                <S>SqlAgentAlert</S>
                <S>SqlAgentFailsafe</S>
                <S>SqlAgentOperator</S>
                <S>SqlAGListener</S>
                <S>SqlAGReplica</S>
                <S>SqlAlias</S>
                <S>SqlAlwaysOnService</S>
                <S>SqlConfiguration</S>
                <S>SqlDatabase</S>
                <S>SqlDatabaseDefaultLocation</S>
                <S>SqlDatabaseMail</S>
                <S>SqlDatabaseObjectPermission</S>
                <S>SqlDatabaseRole</S>
                <S>SqlDatabaseUser</S>
                <S>SqlEndpoint</S>
                <S>SqlEndpointPermission</S>
                <S>SqlLogin</S>
                <S>SqlMaxDop</S>
                <S>SqlMemory</S>
                <S>SqlProtocol</S>
                <S>SqlProtocolTcpIp</S>
                <S>SqlReplication</S>
                <S>SqlRole</S>
                <S>SqlRS</S>
                <S>SqlRSSetup</S>
                <S>SqlScript</S>
                <S>SqlScriptQuery</S>
                <S>SqlSecureConnection</S>
                <S>SqlServiceAccount</S>
                <S>SqlSetup</S>
                <S>SqlTraceFlag</S>
                <S>SqlWaitForAG</S>
                <S>SqlWindowsFirewall</S>
              </LST>
            </Obj>
          </En>
          <En>
            <S N="Key">Command</S>
            <Obj N="Value" RefId="7">
              <TNRef RefId="1" />
              <LST>
                <S>Add-SqlDscNode</S>
                <S>Add-SqlDscTraceFlag</S>
                <S>Complete-SqlDscFailoverCluster</S>
                <S>Complete-SqlDscImage</S>
                <S>Connect-SqlDscDatabaseEngine</S>
                <S>ConvertFrom-SqlDscDatabasePermission</S>
                <S>ConvertFrom-SqlDscServerPermission</S>
                <S>ConvertTo-SqlDscDatabasePermission</S>
                <S>ConvertTo-SqlDscServerPermission</S>
                <S>Disable-SqlDscAudit</S>
                <S>Enable-SqlDscAudit</S>
                <S>Get-SqlDscAudit</S>
                <S>Get-SqlDscDatabasePermission</S>
                <S>Get-SqlDscManagedComputer</S>
                <S>Get-SqlDscManagedComputerService</S>
                <S>Get-SqlDscServerPermission</S>
                <S>Get-SqlDscStartupParameter</S>
                <S>Get-SqlDscTraceFlag</S>
                <S>Import-SqlDscPreferredModule</S>
                <S>Initialize-SqlDscRebuildDatabase</S>
                <S>Install-SqlDscServer</S>
                <S>Invoke-SqlDscQuery</S>
                <S>New-SqlDscAudit</S>
                <S>Remove-SqlDscAudit</S>
                <S>Remove-SqlDscNode</S>
                <S>Remove-SqlDscTraceFlag</S>
                <S>Repair-SqlDscServer</S>
                <S>Set-SqlDscAudit</S>
                <S>Set-SqlDscDatabasePermission</S>
                <S>Set-SqlDscServerPermission</S>
                <S>Set-SqlDscStartupParameter</S>
                <S>Set-SqlDscTraceFlag</S>
                <S>Test-SqlDscIsDatabasePrincipal</S>
                <S>Test-SqlDscIsLogin</S>
                <S>Uninstall-SqlDscServer</S>
              </LST>
            </Obj>
          </En>
          <En>
            <S N="Key">Workflow</S>
            <Obj N="Value" RefId="8">
              <TNRef RefId="1" />
              <LST />
            </Obj>
          </En>
          <En>
            <S N="Key">RoleCapability</S>
            <Ref N="Value" RefId="8" />
          </En>
          <En>
            <S N="Key">Function</S>
            <Obj N="Value" RefId="9">
              <TNRef RefId="1" />
              <LST>
                <S>Add-SqlDscNode</S>
                <S>Add-SqlDscTraceFlag</S>
                <S>Complete-SqlDscFailoverCluster</S>
                <S>Complete-SqlDscImage</S>
                <S>Connect-SqlDscDatabaseEngine</S>
                <S>ConvertFrom-SqlDscDatabasePermission</S>
                <S>ConvertFrom-SqlDscServerPermission</S>
                <S>ConvertTo-SqlDscDatabasePermission</S>
                <S>ConvertTo-SqlDscServerPermission</S>
                <S>Disable-SqlDscAudit</S>
                <S>Enable-SqlDscAudit</S>
                <S>Get-SqlDscAudit</S>
                <S>Get-SqlDscDatabasePermission</S>
                <S>Get-SqlDscManagedComputer</S>
                <S>Get-SqlDscManagedComputerService</S>
                <S>Get-SqlDscServerPermission</S>
                <S>Get-SqlDscStartupParameter</S>
                <S>Get-SqlDscTraceFlag</S>
                <S>Import-SqlDscPreferredModule</S>
                <S>Initialize-SqlDscRebuildDatabase</S>
                <S>Install-SqlDscServer</S>
                <S>Invoke-SqlDscQuery</S>
                <S>New-SqlDscAudit</S>
                <S>Remove-SqlDscAudit</S>
                <S>Remove-SqlDscNode</S>
                <S>Remove-SqlDscTraceFlag</S>
                <S>Repair-SqlDscServer</S>
                <S>Set-SqlDscAudit</S>
                <S>Set-SqlDscDatabasePermission</S>
                <S>Set-SqlDscServerPermission</S>
                <S>Set-SqlDscStartupParameter</S>
                <S>Set-SqlDscTraceFlag</S>
                <S>Test-SqlDscIsDatabasePrincipal</S>
                <S>Test-SqlDscIsLogin</S>
                <S>Uninstall-SqlDscServer</S>
              </LST>
            </Obj>
          </En>
          <En>
            <S N="Key">Cmdlet</S>
            <Ref N="Value" RefId="8" />
          </En>
        </DCT>
      </Obj>
      <Nil N="PowerShellGetFormatVersion" />
      <S N="ReleaseNotes">## [16.1.0] - 2023-02-28_x000D__x000A__x000D__x000A_### Removed_x000D__x000A__x000D__x000A_- SqlServerDsc_x000D__x000A_  - Removed `Assert-ElevatedUser` from private functions ([issue #1797](https://github.com/dsccommunity/SqlServerDsc/issues/1797))._x000D__x000A_    - `Assert-ElevatedUser` added to _DscResource.Common_ public functions_x000D__x000A_      ([issue #82](https://github.com/dsccommunity/DscResource.Common/issues/82))._x000D__x000A_  - Removed `Test-IsNumericType` from private functions ([issue #1795](https://github.com/dsccommunity/SqlServerDsc/issues/1795))._x000D__x000A_    - `Test-IsNumericType` added to _DscResource.Common_ public functions_x000D__x000A_    ([issue #87](https://github.com/dsccommunity/DscResource.Common/issues/87))._x000D__x000A_  - Removed `Test-ServiceAccountRequirePassword` from private functions ([issue #1794](https://github.com/dsccommunity/SqlServerDsc/issues/1794)_x000D__x000A_    - Replaced by `Test-AccountRequirePassword` that was added to _DscResource.Common__x000D__x000A_      public functions ([issue #93](https://github.com/dsccommunity/DscResource.Common/issues/93))._x000D__x000A_  - Removed `Assert-RequiredCommandParameter` from private functions ([issue #1796](https://github.com/dsccommunity/SqlServerDsc/issues/1796))._x000D__x000A_    - Replaced by `Assert-BoundParameter` (part of _DscResource.Common_)_x000D__x000A_      that had a new parameter set added ([issue #92](https://github.com/dsccommunity/DscResource.Common/issues/92))._x000D__x000A_  - Removed private function `Test-ResourceDscPropertyIsAssigned` and_x000D__x000A_    `Test-ResourceHasDscProperty`. Both are replaced by `Test-DscProperty`_x000D__x000A_    which is now part of the module _DscResource.Common_._x000D__x000A_  - Removed private function `Get-DscProperty`. It is replaced by `Get-DscProperty`_x000D__x000A_    which is now part of the module _DscResource.Common_._x000D__x000A_  - The class `ResourceBase` and `Reason` has been removed, they are now_x000D__x000A_    part of the module _DscResource.Base_._x000D__x000A_  - The enum `Ensure` has been removed, is is now part of the module_x000D__x000A_    _DscResource.Base_._x000D__x000A_  - The private functions that the class `ResourceBase` depended on has been_x000D__x000A_    moved to the module _DscResource.Base_._x000D__x000A_    - `ConvertFrom-CompareResult`_x000D__x000A_    - `ConvertTo-Reason`_x000D__x000A_    - `Get-ClassName`_x000D__x000A_    - `Get-LocalizedDataRecursive`_x000D__x000A_  - Added documentation how to generate stub modules for the unit tests._x000D__x000A_    The documentation can be found in ['tests/Unit/Stubs`](https://github.com/dsccommunity/SqlServerDsc/tree/main/tests/Unit/Stubs)._x000D__x000A_  - SqlRSSetup and SqlRS_x000D__x000A_    - Removed the integration test when running against SQL Server 2019,_x000D__x000A_      due to the URL to download the Reporting Services 2019 executable_x000D__x000A_      no longer works._x000D__x000A__x000D__x000A_### Added_x000D__x000A__x000D__x000A_- SqlServerDsc_x000D__x000A_  - The following private functions were added to the module (see comment-based_x000D__x000A_    help for more information):_x000D__x000A_    - `Assert-SetupActionProperties`_x000D__x000A_    - `Invoke-SetupAction`_x000D__x000A_    - `ConvertTo-ManagedServiceType`_x000D__x000A_    - `ConvertFrom-ManagedServiceType`_x000D__x000A_    - `Assert-ManagedServiceType`_x000D__x000A_  - The following public functions were added to the module (see comment-based_x000D__x000A_    help for more information):_x000D__x000A_    - `Install-SqlDscServer`_x000D__x000A_    - `Uninstall-SqlDscServer`_x000D__x000A_    - `Add-SqlDscNode`_x000D__x000A_    - `Remove-SqlDscNode`_x000D__x000A_    - `Repair-SqlDscServer`_x000D__x000A_    - `Complete-SqlDscImage`_x000D__x000A_    - `Complete-SqlDscFailoverCluster`_x000D__x000A_    - `Initialize-SqlDscRebuildDatabase`_x000D__x000A_    - `Import-SqlDscPreferredModule`_x000D__x000A_    - `Get-SqlDscManagedComputer`_x000D__x000A_    - `Get-SqlDscManagedComputerService`_x000D__x000A_    - `Get-SqlDscTraceFlag`_x000D__x000A_    - `Add-SqlDscTraceFlag`_x000D__x000A_    - `Remove-SqlDscTraceFlag`_x000D__x000A_    - `Set-SqlDscTraceFlag`_x000D__x000A_    - `Get-SqlDscStartupParameter`_x000D__x000A_    - `Set-SqlDscStartupParameter`_x000D__x000A_  - Added class `StartupParameters` which can parse the startup parameters_x000D__x000A_    of a manged computer service object._x000D__x000A_  - Added class `SqlReason` to be used as the type of the DSC property `Reasons`_x000D__x000A_    for class-based resources._x000D__x000A_  - New GitHub issue templates for proposing new public commands, proposing_x000D__x000A_    an enhancement to an existing command, or having a problem with an existing_x000D__x000A_    command._x000D__x000A_  - Integration tests are now also run on SQL Server 2022 and SQL Server_x000D__x000A_    Reporting Services 2022._x000D__x000A_  - Integration tests now wait for LCM after each It-block, not just at the_x000D__x000A_    end of a Context-block. Hopefully this will mitigate some of the intermittent_x000D__x000A_    errors we have seen when running the integration tests in the pipeline._x000D__x000A_  - Use preview version of Pester to support the development of Pester as_x000D__x000A_    this is a code base with a diverse set of tests thar can help catch_x000D__x000A_    issues in Pester. If preview release of Pester prevents release we_x000D__x000A_    should temporary shift back to stable._x000D__x000A_  - New QA tests for public commands and private functions._x000D__x000A_- SqlDatabase_x000D__x000A_  - Added compatibility levels for SQL Server 2022 (major version 16)._x000D__x000A_- SqlSetup_x000D__x000A_  - Paths for SQL Server 2022 are correctly returned by Get._x000D__x000A_- SqlRS_x000D__x000A_  - Added optional parameter `Encrypt`. Parameter `Encrypt` controls whether_x000D__x000A_    the connection used by `Invoke-SqlCmd should enforce encryption. This_x000D__x000A_    parameter can only be used together with the module _SqlServer_ v22.x_x000D__x000A_    (minimum v22.0.49-preview). The parameter will be ignored if an older_x000D__x000A_    major versions of the module _SqlServer_ is used._x000D__x000A_- SqlScript_x000D__x000A_  - Added optional parameter `Encrypt`. Parameter `Encrypt` controls whether_x000D__x000A_    the connection used by `Invoke-SqlCmd should enforce encryption. This_x000D__x000A_    parameter can only be used together with the module _SqlServer_ v22.x_x000D__x000A_    (minimum v22.0.49-preview). The parameter will be ignored if an older_x000D__x000A_    major versions of the module _SqlServer_ is used._x000D__x000A_- SqlScriptQuery_x000D__x000A_  - Added optional parameter `Encrypt`. Parameter `Encrypt` controls whether_x000D__x000A_    the connection used by `Invoke-SqlCmd should enforce encryption. This_x000D__x000A_    parameter can only be used together with the module _SqlServer_ v22.x_x000D__x000A_    (minimum v22.0.49-preview). The parameter will be ignored if an older_x000D__x000A_    major versions of the module _SqlServer_ is used._x000D__x000A_- SqlTraceFlag_x000D__x000A_  - The resource is now tested with an integration tests ([issue #1835](https://github.com/dsccommunity/SqlServerDsc/issues/1835))._x000D__x000A_  - A new parameter `ClearAllTraceFlags` was added so a configuration_x000D__x000A_    can enforce that there should be no trace flags._x000D__x000A_- The public commands `Add-SqlDscNode`, `Complete-SqlDscFailoverCluster`,_x000D__x000A_  `Complete-SqlDscImage`, `Install-SqlDscServer`, and `Repair-SqlDscServer`_x000D__x000A_  now support the setup argument `ProductCoveredBySA` ([issue #1798](https://github.com/dsccommunity/SqlServerDsc/issues/1798))._x000D__x000A__x000D__x000A_### Changed_x000D__x000A__x000D__x000A_- SqlServerDsc_x000D__x000A_  - Update Stale GitHub Action to v7._x000D__x000A_  - Update to build module in separate folder under `output`._x000D__x000A_  - Moved the build step of the pipeline to a Windows build worker when_x000D__x000A_    running in Azure DevOps._x000D__x000A_  - Class-based resources now uses the parent class `ResourceBase` from the_x000D__x000A_    module _DscResource.Base_ ([issue #1790](https://github.com/dsccommunity/SqlServerDsc/issues/1790))._x000D__x000A_  - Settings for the _Visual Studio Code_ extension _Pester Tests_ was changed_x000D__x000A_    to be able to run all unit tests, and all tests run by the extension_x000D__x000A_    are now run in a separate process to be able to handle changes in_x000D__x000A_    class-based resources._x000D__x000A_  - The AppVeyor configuration file was updated to include the possibility_x000D__x000A_    to run integration tests for SQL Server 2022._x000D__x000A_  - The AppVeyor configuration file was updated to include the possibility_x000D__x000A_    to run skip installing one or more SQL Server instances when debugging_x000D__x000A_    in AppVeyor to help maximize the time alloted be run._x000D__x000A_  - The stubs in `SqlServerStub.psm1` are now based on the commands from the_x000D__x000A_    module SqlServer v22.0.49-preview._x000D__x000A_  - The module will now call `Import-SqlDscPreferredModule` when the module_x000D__x000A_    is imported to make sure SqlServer (default preferred module) or SQLPS_x000D__x000A_    is loaded into the session. This will make it possible for classes and_x000D__x000A_    commands to use and return SQL types. If no module is found it will_x000D__x000A_    output a warning to install any of the dependent modules._x000D__x000A_  - Add empty constructor to classes to be able to use Pester's new code_x000D__x000A_    coverage method. See more information can be found in [pester/Pester#2306](https://github.com/pester/Pester/issues/2306)._x000D__x000A_  - The type of the property `Reasons` was changed in the class-based resources._x000D__x000A_    This resolves a problem when using two DSC resource modules that was_x000D__x000A_    using the same class-type for the property `Reasons`. Resolves the issues_x000D__x000A_    [issue #1831](https://github.com/dsccommunity/SqlServerDsc/issues/1831),_x000D__x000A_    [issue #1832](https://github.com/dsccommunity/SqlServerDsc/issues/1832),_x000D__x000A_    and [issue #1833](https://github.com/dsccommunity/SqlServerDsc/issues/1833)._x000D__x000A_- `Install-SqlServerDsc`_x000D__x000A_  - No longer throws an exception when parameter `AgtSvcAccount` is not specified._x000D__x000A_- SqlAgReplica_x000D__x000A_  - Converted unit test to Pester 5._x000D__x000A_  - `Update-AvailabilityGroupReplica` to trigger once within `Set-TargetResource`_x000D__x000A_    for all AvailabilityReplica changes._x000D__x000A_- Private function `Invoke-SetupAction` ([issue #1798](https://github.com/dsccommunity/SqlServerDsc/issues/1798))._x000D__x000A_  - Was changed to support the SQL Server 2022 GA feature `AzureExtension`_x000D__x000A_    (that replaced the feature name `ARC`)._x000D__x000A_  - Support the setup argument `ProductCoveredBySA`._x000D__x000A_  - No longer supports the argument `OnBoardSQLToARC` as it was removed in_x000D__x000A_    SQL Server 2022 GA._x000D__x000A_- `Install-SqlDscServer`_x000D__x000A_  - Was changed to support the SQL Server 2022 GA feature `AzureExtension`_x000D__x000A_    (that replaced the feature name `ARC`) ([issue #1798](https://github.com/dsccommunity/SqlServerDsc/issues/1798))._x000D__x000A_- `Uninstall-SqlDscServer`_x000D__x000A_  - Was changed to support the SQL Server 2022 GA feature `AzureExtension`_x000D__x000A_    (that replaced the feature name `ARC`) ([issue #1798](https://github.com/dsccommunity/SqlServerDsc/issues/1798))._x000D__x000A_  - Now support the argument `SuppressPrivacyStatementNotice` ([issue #1809](https://github.com/dsccommunity/SqlServerDsc/issues/1809))._x000D__x000A_- `Import-SqlDscPreferredModule`_x000D__x000A_  - No longer tries to get the environment variables from the machine state_x000D__x000A_    when run on Linux or macOS. Th</S>
      <Obj N="Dependencies" RefId="10">
        <TNRef RefId="1" />
        <LST />
      </Obj>
      <S N="RepositorySourceLocation">https://www.powershellgallery.com/api/v2</S>
      <S N="Repository">PSGallery</S>
      <S N="PackageManagementProvider">NuGet</S>
      <Obj N="AdditionalMetadata" RefId="11">
        <TN RefId="4">
          <T>System.Management.Automation.PSCustomObject</T>
          <T>System.Object</T>
        </TN>
        <MS>
          <S N="copyright">Copyright the DSC Community contributors. All rights reserved.</S>
          <S N="description">Module with DSC resources for deployment and configuration of Microsoft SQL Server.</S>
          <S N="requireLicenseAcceptance">False</S>
          <S N="releaseNotes">## [16.1.0] - 2023-02-28_x000D__x000A__x000D__x000A_### Removed_x000D__x000A__x000D__x000A_- SqlServerDsc_x000D__x000A_  - Removed `Assert-ElevatedUser` from private functions ([issue #1797](https://github.com/dsccommunity/SqlServerDsc/issues/1797))._x000D__x000A_    - `Assert-ElevatedUser` added to _DscResource.Common_ public functions_x000D__x000A_      ([issue #82](https://github.com/dsccommunity/DscResource.Common/issues/82))._x000D__x000A_  - Removed `Test-IsNumericType` from private functions ([issue #1795](https://github.com/dsccommunity/SqlServerDsc/issues/1795))._x000D__x000A_    - `Test-IsNumericType` added to _DscResource.Common_ public functions_x000D__x000A_    ([issue #87](https://github.com/dsccommunity/DscResource.Common/issues/87))._x000D__x000A_  - Removed `Test-ServiceAccountRequirePassword` from private functions ([issue #1794](https://github.com/dsccommunity/SqlServerDsc/issues/1794)_x000D__x000A_    - Replaced by `Test-AccountRequirePassword` that was added to _DscResource.Common__x000D__x000A_      public functions ([issue #93](https://github.com/dsccommunity/DscResource.Common/issues/93))._x000D__x000A_  - Removed `Assert-RequiredCommandParameter` from private functions ([issue #1796](https://github.com/dsccommunity/SqlServerDsc/issues/1796))._x000D__x000A_    - Replaced by `Assert-BoundParameter` (part of _DscResource.Common_)_x000D__x000A_      that had a new parameter set added ([issue #92](https://github.com/dsccommunity/DscResource.Common/issues/92))._x000D__x000A_  - Removed private function `Test-ResourceDscPropertyIsAssigned` and_x000D__x000A_    `Test-ResourceHasDscProperty`. Both are replaced by `Test-DscProperty`_x000D__x000A_    which is now part of the module _DscResource.Common_._x000D__x000A_  - Removed private function `Get-DscProperty`. It is replaced by `Get-DscProperty`_x000D__x000A_    which is now part of the module _DscResource.Common_._x000D__x000A_  - The class `ResourceBase` and `Reason` has been removed, they are now_x000D__x000A_    part of the module _DscResource.Base_._x000D__x000A_  - The enum `Ensure` has been removed, is is now part of the module_x000D__x000A_    _DscResource.Base_._x000D__x000A_  - The private functions that the class `ResourceBase` depended on has been_x000D__x000A_    moved to the module _DscResource.Base_._x000D__x000A_    - `ConvertFrom-CompareResult`_x000D__x000A_    - `ConvertTo-Reason`_x000D__x000A_    - `Get-ClassName`_x000D__x000A_    - `Get-LocalizedDataRecursive`_x000D__x000A_  - Added documentation how to generate stub modules for the unit tests._x000D__x000A_    The documentation can be found in ['tests/Unit/Stubs`](https://github.com/dsccommunity/SqlServerDsc/tree/main/tests/Unit/Stubs)._x000D__x000A_  - SqlRSSetup and SqlRS_x000D__x000A_    - Removed the integration test when running against SQL Server 2019,_x000D__x000A_      due to the URL to download the Reporting Services 2019 executable_x000D__x000A_      no longer works._x000D__x000A__x000D__x000A_### Added_x000D__x000A__x000D__x000A_- SqlServerDsc_x000D__x000A_  - The following private functions were added to the module (see comment-based_x000D__x000A_    help for more information):_x000D__x000A_    - `Assert-SetupActionProperties`_x000D__x000A_    - `Invoke-SetupAction`_x000D__x000A_    - `ConvertTo-ManagedServiceType`_x000D__x000A_    - `ConvertFrom-ManagedServiceType`_x000D__x000A_    - `Assert-ManagedServiceType`_x000D__x000A_  - The following public functions were added to the module (see comment-based_x000D__x000A_    help for more information):_x000D__x000A_    - `Install-SqlDscServer`_x000D__x000A_    - `Uninstall-SqlDscServer`_x000D__x000A_    - `Add-SqlDscNode`_x000D__x000A_    - `Remove-SqlDscNode`_x000D__x000A_    - `Repair-SqlDscServer`_x000D__x000A_    - `Complete-SqlDscImage`_x000D__x000A_    - `Complete-SqlDscFailoverCluster`_x000D__x000A_    - `Initialize-SqlDscRebuildDatabase`_x000D__x000A_    - `Import-SqlDscPreferredModule`_x000D__x000A_    - `Get-SqlDscManagedComputer`_x000D__x000A_    - `Get-SqlDscManagedComputerService`_x000D__x000A_    - `Get-SqlDscTraceFlag`_x000D__x000A_    - `Add-SqlDscTraceFlag`_x000D__x000A_    - `Remove-SqlDscTraceFlag`_x000D__x000A_    - `Set-SqlDscTraceFlag`_x000D__x000A_    - `Get-SqlDscStartupParameter`_x000D__x000A_    - `Set-SqlDscStartupParameter`_x000D__x000A_  - Added class `StartupParameters` which can parse the startup parameters_x000D__x000A_    of a manged computer service object._x000D__x000A_  - Added class `SqlReason` to be used as the type of the DSC property `Reasons`_x000D__x000A_    for class-based resources._x000D__x000A_  - New GitHub issue templates for proposing new public commands, proposing_x000D__x000A_    an enhancement to an existing command, or having a problem with an existing_x000D__x000A_    command._x000D__x000A_  - Integration tests are now also run on SQL Server 2022 and SQL Server_x000D__x000A_    Reporting Services 2022._x000D__x000A_  - Integration tests now wait for LCM after each It-block, not just at the_x000D__x000A_    end of a Context-block. Hopefully this will mitigate some of the intermittent_x000D__x000A_    errors we have seen when running the integration tests in the pipeline._x000D__x000A_  - Use preview version of Pester to support the development of Pester as_x000D__x000A_    this is a code base with a diverse set of tests thar can help catch_x000D__x000A_    issues in Pester. If preview release of Pester prevents release we_x000D__x000A_    should temporary shift back to stable._x000D__x000A_  - New QA tests for public commands and private functions._x000D__x000A_- SqlDatabase_x000D__x000A_  - Added compatibility levels for SQL Server 2022 (major version 16)._x000D__x000A_- SqlSetup_x000D__x000A_  - Paths for SQL Server 2022 are correctly returned by Get._x000D__x000A_- SqlRS_x000D__x000A_  - Added optional parameter `Encrypt`. Parameter `Encrypt` controls whether_x000D__x000A_    the connection used by `Invoke-SqlCmd should enforce encryption. This_x000D__x000A_    parameter can only be used together with the module _SqlServer_ v22.x_x000D__x000A_    (minimum v22.0.49-preview). The parameter will be ignored if an older_x000D__x000A_    major versions of the module _SqlServer_ is used._x000D__x000A_- SqlScript_x000D__x000A_  - Added optional parameter `Encrypt`. Parameter `Encrypt` controls whether_x000D__x000A_    the connection used by `Invoke-SqlCmd should enforce encryption. This_x000D__x000A_    parameter can only be used together with the module _SqlServer_ v22.x_x000D__x000A_    (minimum v22.0.49-preview). The parameter will be ignored if an older_x000D__x000A_    major versions of the module _SqlServer_ is used._x000D__x000A_- SqlScriptQuery_x000D__x000A_  - Added optional parameter `Encrypt`. Parameter `Encrypt` controls whether_x000D__x000A_    the connection used by `Invoke-SqlCmd should enforce encryption. This_x000D__x000A_    parameter can only be used together with the module _SqlServer_ v22.x_x000D__x000A_    (minimum v22.0.49-preview). The parameter will be ignored if an older_x000D__x000A_    major versions of the module _SqlServer_ is used._x000D__x000A_- SqlTraceFlag_x000D__x000A_  - The resource is now tested with an integration tests ([issue #1835](https://github.com/dsccommunity/SqlServerDsc/issues/1835))._x000D__x000A_  - A new parameter `ClearAllTraceFlags` was added so a configuration_x000D__x000A_    can enforce that there should be no trace flags._x000D__x000A_- The public commands `Add-SqlDscNode`, `Complete-SqlDscFailoverCluster`,_x000D__x000A_  `Complete-SqlDscImage`, `Install-SqlDscServer`, and `Repair-SqlDscServer`_x000D__x000A_  now support the setup argument `ProductCoveredBySA` ([issue #1798](https://github.com/dsccommunity/SqlServerDsc/issues/1798))._x000D__x000A__x000D__x000A_### Changed_x000D__x000A__x000D__x000A_- SqlServerDsc_x000D__x000A_  - Update Stale GitHub Action to v7._x000D__x000A_  - Update to build module in separate folder under `output`._x000D__x000A_  - Moved the build step of the pipeline to a Windows build worker when_x000D__x000A_    running in Azure DevOps._x000D__x000A_  - Class-based resources now uses the parent class `ResourceBase` from the_x000D__x000A_    module _DscResource.Base_ ([issue #1790](https://github.com/dsccommunity/SqlServerDsc/issues/1790))._x000D__x000A_  - Settings for the _Visual Studio Code_ extension _Pester Tests_ was changed_x000D__x000A_    to be able to run all unit tests, and all tests run by the extension_x000D__x000A_    are now run in a separate process to be able to handle changes in_x000D__x000A_    class-based resources._x000D__x000A_  - The AppVeyor configuration file was updated to include the possibility_x000D__x000A_    to run integration tests for SQL Server 2022._x000D__x000A_  - The AppVeyor configuration file was updated to include the possibility_x000D__x000A_    to run skip installing one or more SQL Server instances when debugging_x000D__x000A_    in AppVeyor to help maximize the time alloted be run._x000D__x000A_  - The stubs in `SqlServerStub.psm1` are now based on the commands from the_x000D__x000A_    module SqlServer v22.0.49-preview._x000D__x000A_  - The module will now call `Import-SqlDscPreferredModule` when the module_x000D__x000A_    is imported to make sure SqlServer (default preferred module) or SQLPS_x000D__x000A_    is loaded into the session. This will make it possible for classes and_x000D__x000A_    commands to use and return SQL types. If no module is found it will_x000D__x000A_    output a warning to install any of the dependent modules._x000D__x000A_  - Add empty constructor to classes to be able to use Pester's new code_x000D__x000A_    coverage method. See more information can be found in [pester/Pester#2306](https://github.com/pester/Pester/issues/2306)._x000D__x000A_  - The type of the property `Reasons` was changed in the class-based resources._x000D__x000A_    This resolves a problem when using two DSC resource modules that was_x000D__x000A_    using the same class-type for the property `Reasons`. Resolves the issues_x000D__x000A_    [issue #1831](https://github.com/dsccommunity/SqlServerDsc/issues/1831),_x000D__x000A_    [issue #1832](https://github.com/dsccommunity/SqlServerDsc/issues/1832),_x000D__x000A_    and [issue #1833](https://github.com/dsccommunity/SqlServerDsc/issues/1833)._x000D__x000A_- `Install-SqlServerDsc`_x000D__x000A_  - No longer throws an exception when parameter `AgtSvcAccount` is not specified._x000D__x000A_- SqlAgReplica_x000D__x000A_  - Converted unit test to Pester 5._x000D__x000A_  - `Update-AvailabilityGroupReplica` to trigger once within `Set-TargetResource`_x000D__x000A_    for all AvailabilityReplica changes._x000D__x000A_- Private function `Invoke-SetupAction` ([issue #1798](https://github.com/dsccommunity/SqlServerDsc/issues/1798))._x000D__x000A_  - Was changed to support the SQL Server 2022 GA feature `AzureExtension`_x000D__x000A_    (that replaced the feature name `ARC`)._x000D__x000A_  - Support the setup argument `ProductCoveredBySA`._x000D__x000A_  - No longer supports the argument `OnBoardSQLToARC` as it was removed in_x000D__x000A_    SQL Server 2022 GA._x000D__x000A_- `Install-SqlDscServer`_x000D__x000A_  - Was changed to support the SQL Server 2022 GA feature `AzureExtension`_x000D__x000A_    (that replaced the feature name `ARC`) ([issue #1798](https://github.com/dsccommunity/SqlServerDsc/issues/1798))._x000D__x000A_- `Uninstall-SqlDscServer`_x000D__x000A_  - Was changed to support the SQL Server 2022 GA feature `AzureExtension`_x000D__x000A_    (that replaced the feature name `ARC`) ([issue #1798](https://github.com/dsccommunity/SqlServerDsc/issues/1798))._x000D__x000A_  - Now support the argument `SuppressPrivacyStatementNotice` ([issue #1809](https://github.com/dsccommunity/SqlServerDsc/issues/1809))._x000D__x000A_- `Import-SqlDscPreferredModule`_x000D__x000A_  - No longer tries to get the environment variables from the machine state_x000D__x000A_    when run on Linux or macOS. Th</S>
          <S N="isLatestVersion">True</S>
          <S N="isAbsoluteLatestVersion">False</S>
          <S N="versionDownloadCount">142732</S>
          <S N="downloadCount">8012459</S>
          <S N="packageSize">443331</S>
          <S N="published">2/28/2023 8:45:33 PM -05:00</S>
          <S N="created">2/28/2023 8:45:33 PM -05:00</S>
          <S N="lastUpdated">4/3/2023 5:13:53 PM -04:00</S>
          <S N="tags">DesiredStateConfiguration DSC DSCResourceKit DSCResource PSModule PSFunction_Add-SqlDscNode PSCommand_Add-SqlDscNode PSFunction_Add-SqlDscTraceFlag PSCommand_Add-SqlDscTraceFlag PSFunction_Complete-SqlDscFailoverCluster PSCommand_Complete-SqlDscFailoverCluster PSFunction_Complete-SqlDscImage PSCommand_Complete-SqlDscImage PSFunction_Connect-SqlDscDatabaseEngine PSCommand_Connect-SqlDscDatabaseEngine PSFunction_ConvertFrom-SqlDscDatabasePermission PSCommand_ConvertFrom-SqlDscDatabasePermission PSFunction_ConvertFrom-SqlDscServerPermission PSCommand_ConvertFrom-SqlDscServerPermission PSFunction_ConvertTo-SqlDscDatabasePermission PSCommand_ConvertTo-SqlDscDatabasePermission PSFunction_ConvertTo-SqlDscServerPermission PSCommand_ConvertTo-SqlDscServerPermission PSFunction_Disable-SqlDscAudit PSCommand_Disable-SqlDscAudit PSFunction_Enable-SqlDscAudit PSCommand_Enable-SqlDscAudit PSFunction_Get-SqlDscAudit PSCommand_Get-SqlDscAudit PSFunction_Get-SqlDscDatabasePermission PSCommand_Get-SqlDscDatabasePermission PSFunction_Get-SqlDscManagedComputer PSCommand_Get-SqlDscManagedComputer PSFunction_Get-SqlDscManagedComputerService PSCommand_Get-SqlDscManagedComputerService PSFunction_Get-SqlDscServerPermission PSCommand_Get-SqlDscServerPermission PSFunction_Get-SqlDscStartupParameter PSCommand_Get-SqlDscStartupParameter PSFunction_Get-SqlDscTraceFlag PSCommand_Get-SqlDscTraceFlag PSFunction_Import-SqlDscPreferredModule PSCommand_Import-SqlDscPreferredModule PSFunction_Initialize-SqlDscRebuildDatabase PSCommand_Initialize-SqlDscRebuildDatabase PSFunction_Install-SqlDscServer PSCommand_Install-SqlDscServer PSFunction_Invoke-SqlDscQuery PSCommand_Invoke-SqlDscQuery PSFunction_New-SqlDscAudit PSCommand_New-SqlDscAudit PSFunction_Remove-SqlDscAudit PSCommand_Remove-SqlDscAudit PSFunction_Remove-SqlDscNode PSCommand_Remove-SqlDscNode PSFunction_Remove-SqlDscTraceFlag PSCommand_Remove-SqlDscTraceFlag PSFunction_Repair-SqlDscServer PSCommand_Repair-SqlDscServer PSFunction_Set-SqlDscAudit PSCommand_Set-SqlDscAudit PSFunction_Set-SqlDscDatabasePermission PSCommand_Set-SqlDscDatabasePermission PSFunction_Set-SqlDscServerPermission PSCommand_Set-SqlDscServerPermission PSFunction_Set-SqlDscStartupParameter PSCommand_Set-SqlDscStartupParameter PSFunction_Set-SqlDscTraceFlag PSCommand_Set-SqlDscTraceFlag PSFunction_Test-SqlDscIsDatabasePrincipal PSCommand_Test-SqlDscIsDatabasePrincipal PSFunction_Test-SqlDscIsLogin PSCommand_Test-SqlDscIsLogin PSFunction_Uninstall-SqlDscServer PSCommand_Uninstall-SqlDscServer PSIncludes_Function PSDscResource_SqlAudit PSDscResource_SqlDatabasePermission PSDscResource_SqlPermission PSDscResource_SqlAG PSDscResource_SqlAGDatabase PSDscResource_SqlAgentAlert PSDscResource_SqlAgentFailsafe PSDscResource_SqlAgentOperator PSDscResource_SqlAGListener PSDscResource_SqlAGReplica PSDscResource_SqlAlias PSDscResource_SqlAlwaysOnService PSDscResource_SqlConfiguration PSDscResource_SqlDatabase PSDscResource_SqlDatabaseDefaultLocation PSDscResource_SqlDatabaseMail PSDscResource_SqlDatabaseObjectPermission PSDscResource_SqlDatabaseRole PSDscResource_SqlDatabaseUser PSDscResource_SqlEndpoint PSDscResource_SqlEndpointPermission PSDscResource_SqlLogin PSDscResource_SqlMaxDop PSDscResource_SqlMemory PSDscResource_SqlProtocol PSDscResource_SqlProtocolTcpIp PSDscResource_SqlReplication PSDscResource_SqlRole PSDscResource_SqlRS PSDscResource_SqlRSSetup PSDscResource_SqlScript PSDscResource_SqlScriptQuery PSDscResource_SqlSecureConnection PSDscResource_SqlServiceAccount PSDscResource_SqlSetup PSDscResource_SqlTraceFlag PSDscResource_SqlWaitForAG PSDscResource_SqlWindowsFirewall PSIncludes_DscResource</S>
          <S N="developmentDependency">False</S>
          <S N="updated">2023-04-03T17:13:53Z</S>
          <S N="NormalizedVersion">16.1.0</S>
          <S N="Authors">DSC Community</S>
          <S N="IsPrerelease">false</S>
          <S N="ItemType">Module</S>
          <S N="FileList">SqlServerDsc.nuspec|DSCResources\DSC_SqlScriptQuery\DSC_SqlScriptQuery.schema.mof|SqlServerDsc.psd1|DSCResources\DSC_SqlScriptQuery\DSC_SqlScriptQuery.psm1|SqlServerDsc.psm1|DSCResources\DSC_SqlAGReplica\README.md|en-US\SqlServerDsc.strings.psd1|DSCResources\DSC_SqlAGReplica\DSC_SqlAGReplica.psm1|en-US\SqlAudit.strings.psd1|DSCResources\DSC_SqlAGReplica\DSC_SqlAGReplica.schema.mof|en-US\about_SqlPermission.help.txt|DSCResources\DSC_SqlAlias\README.md|en-US\about_SqlAudit.help.txt|DSCResources\DSC_SqlAlias\DSC_SqlAlias.psm1|en-US\SqlDatabasePermission.strings.psd1|DSCResources\DSC_SqlAlias\DSC_SqlAlias.schema.mof|en-US\SqlResourceBase.strings.psd1|DSCResources\DSC_SqlDatabaseRole\README.md|en-US\SqlPermission.strings.psd1|DSCResources\DSC_SqlDatabaseRole\DSC_SqlDatabaseRole.schema.mof|en-US\about_SqlServerDsc.help.txt|DSCResources\DSC_SqlDatabaseRole\DSC_SqlDatabaseRole.psm1|en-US\about_SqlDatabasePermission.help.txt|DSCResources\DSC_SqlAG\README.md|DSCResources\DSC_SqlDatabaseObjectPermission\README.md|DSCResources\DSC_SqlAG\DSC_SqlAG.psm1|DSCResources\DSC_SqlDatabaseObjectPermission\DSC_SqlDatabaseObjectPermission.psm1|DSCResources\DSC_SqlAG\DSC_SqlAG.schema.mof|DSCResources\DSC_SqlDatabaseObjectPermission\DSC_SqlDatabaseObjectPermission.schema.mof|Modules\SqlServerDsc.Common\SqlServerDsc.Common.psm1|DSCResources\DSC_SqlWaitForAG\README.md|Modules\SqlServerDsc.Common\SqlServerDsc.Common.psd1|DSCResources\DSC_SqlWaitForAG\DSC_SqlWaitForAG.schema.mof|DSCResources\DSC_SqlDatabaseObjectPermission\en-US\DSC_SqlDatabaseObjectPermission.strings.psd1|DSCResources\DSC_SqlWaitForAG\DSC_SqlWaitForAG.psm1|DSCResources\DSC_SqlDatabaseObjectPermission\en-US\about_SqlDatabaseObjectPermission.help.txt|DSCResources\DSC_SqlServiceAccount\README.md|DSCResources\DSC_SqlWaitForAG\en-US\about_SqlWaitForAG.help.txt|DSCResources\DSC_SqlServiceAccount\DSC_SqlServiceAccount.psm1|DSCResources\DSC_SqlWaitForAG\en-US\DSC_SqlWaitForAG.strings.psd1|DSCResources\DSC_SqlServiceAccount\DSC_SqlServiceAccount.schema.mof|DSCResources\DSC_SqlServiceAccount\en-US\DSC_SqlServiceAccount.strings.psd1|DSCResources\DSC_SqlMaxDop\README.md|DSCResources\DSC_SqlServiceAccount\en-US\about_SqlServiceAccount.help.txt|DSCResources\DSC_SqlMaxDop\DSC_SqlMaxDop.schema.mof|DSCResources\DSC_SqlMaxDop\en-US\about_SqlMaxDop.help.txt|DSCResources\DSC_SqlMaxDop\DSC_SqlMaxDop.psm1|DSCResources\DSC_SqlMaxDop\en-US\DSC_SqlMaxDop.strings.psd1|DSCResources\DSC_SqlRole\README.md|DSCResources\DSC_SqlRole\en-US\about_SqlRole.help.txt|DSCResources\DSC_SqlRole\DSC_SqlRole.schema.mof|DSCResources\DSC_SqlRole\en-US\DSC_SqlRole.strings.psd1|DSCResources\DSC_SqlRole\DSC_SqlRole.psm1|DSCResources\DSC_SqlAGListener\en-US\DSC_SqlAGListener.strings.psd1|DSCResources\DSC_SqlAGListener\README.md|DSCResources\DSC_SqlAGListener\en-US\about_SqlAGListener.help.txt|DSCResources\DSC_SqlAGListener\DSC_SqlAGListener.schema.mof|DSCResources\DSC_SqlAgentFailsafe\en-US\DSC_SqlAgentFailsafe.strings.psd1|DSCResources\DSC_SqlAGListener\DSC_SqlAGListener.psm1|DSCResources\DSC_SqlAgentFailsafe\en-US\about_SqlAgentFailsafe.help.txt|DSCResources\DSC_SqlAgentFailsafe\DSC_SqlAgentFailsafe.schema.mof|DSCResources\DSC_SqlScript\en-US\DSC_SqlScript.strings.psd1|DSCResources\DSC_SqlAgentFailsafe\README.md|DSCResources\DSC_SqlScript\en-US\about_SqlScript.help.txt|DSCResources\DSC_SqlAgentFailsafe\DSC_SqlAgentFailsafe.psm1|DSCResources\DSC_SqlLogin\en-US\about_SqlLogin.help.txt|DSCResources\DSC_SqlScript\README.md|DSCResources\DSC_SqlLogin\en-US\DSC_SqlLogin.strings.psd1|DSCResources\DSC_SqlScript\DSC_SqlScript.schema.mof|DSCResources\DSC_SqlWindowsFirewall\en-US\DSC_SqlWindowsFirewall.strings.psd1|DSCResources\DSC_SqlScript\DSC_SqlScript.psm1|DSCResources\DSC_SqlWindowsFirewall\en-US\about_SqlWindowsFirewall.help.txt|DSCResources\DSC_SqlLogin\README.md|DSCResources\DSC_SqlProtocol\en-US\about_SqlProtocol.help.txt|DSCResources\DSC_SqlLogin\DSC_SqlLogin.schema.mof|DSCResources\DSC_SqlProtocol\en-US\DSC_SqlProtocol.strings.psd1|DSCResources\DSC_SqlLogin\DSC_SqlLogin.psm1|DSCResources\DSC_SqlMemory\en-US\about_SqlMemory.help.txt|DSCResources\DSC_SqlWindowsFirewall\README.md|DSCResources\DSC_SqlMemory\en-US\DSC_SqlMemory.strings.psd1|DSCResources\DSC_SqlWindowsFirewall\DSC_SqlWindowsFirewall.schema.mof|DSCResources\DSC_SqlSecureConnection\en-US\DSC_SqlSecureConnection.strings.psd1|DSCResources\DSC_SqlWindowsFirewall\DSC_SqlWindowsFirewall.psm1|DSCResources\DSC_SqlSecureConnection\en-US\about_SqlSecureConnection.help.txt|DSCResources\DSC_SqlProtocol\README.md|DSCResources\DSC_SqlEndpointPermission\en-US\DSC_SqlEndpointPermission.strings.psd1|DSCResources\DSC_SqlProtocol\DSC_SqlProtocol.psm1|DSCResources\DSC_SqlEndpointPermission\en-US\about_SqlEndpointPermission.help.txt|DSCResources\DSC_SqlProtocol\DSC_SqlProtocol.schema.mof|DSCResources\DSC_SqlDatabase\en-US\DSC_SqlDatabase.strings.psd1|DSCResources\DSC_SqlMemory\README.md|DSCResources\DSC_SqlDatabase\en-US\about_SqlDatabase.help.txt|DSCResources\DSC_SqlMemory\DSC_SqlMemory.schema.mof|DSCResources\DSC_SqlRS\en-US\about_SqlRS.help.txt|DSCResources\DSC_SqlMemory\DSC_SqlMemory.psm1|DSCResources\DSC_SqlRS\en-US\DSC_SqlRS.strings.psd1|DSCResources\DSC_SqlSecureConnection\DSC_SqlSecureConnection.psm1|DSCResources\DSC_SqlDatabaseDefaultLocation\en-US\about_SqlDatabaseDefaultLocation.help.txt|DSCResources\DSC_SqlSecureConnection\README.md|DSCResources\DSC_SqlDatabaseDefaultLocation\en-US\DSC_SqlDatabaseDefaultLocation.strings.psd1|DSCResources\DSC_SqlSecureConnection\DSC_SqlSecureConnection.schema.mof|DSCResources\DSC_SqlConfiguration\en-US\about_SqlConfiguration.help.txt|DSCResources\DSC_SqlEndpointPermission\README.md|DSCResources\DSC_SqlConfiguration\en-US\DSC_SqlConfiguration.strings.psd1|DSCResources\DSC_SqlEndpointPermission\DSC_SqlEndpointPermission.psm1|DSCResources\DSC_SqlTraceFlag\en-US\about_SqlTraceFlag.help.txt|DSCResources\DSC_SqlEndpointPermission\DSC_SqlEndpointPermission.schema.mof|DSCResources\DSC_SqlTraceFlag\en-US\DSC_SqlTraceFlag.strings.psd1|DSCResources\DSC_SqlDatabase\README.md|DSCResources\DSC_SqlAgentAlert\en-US\DSC_SqlAgentAlert.strings.psd1|DSCResources\DSC_SqlDatabase\DSC_SqlDatabase.schema.mof|DSCResources\DSC_SqlAgentAlert\en-US\about_SqlAgentAlert.help.txt|DSCResources\DSC_SqlDatabase\DSC_SqlDatabase.psm1|DSCResources\DSC_SqlDatabaseUser\en-US\about_SqlDatabaseUser.help.txt|DSCResources\DSC_SqlRS\README.md|DSCResources\DSC_SqlDatabaseUser\en-US\DSC_SqlDatabaseUser.strings.psd1|DSCResources\DSC_SqlRS\DSC_SqlRS.psm1|DSCResources\DSC_SqlAGDatabase\en-US\about_SqlAGDatabase.help.txt|DSCResources\DSC_SqlRS\DSC_SqlRS.schema.mof|DSCResources\DSC_SqlAGDatabase\en-US\DSC_SqlAGDatabase.strings.psd1|DSCResources\DSC_SqlDatabaseDefaultLocation\README.md|DSCResources\DSC_SqlDatabaseMail\en-US\DSC_SqlDatabaseMail.strings.psd1|DSCResources\DSC_SqlDatabaseDefaultLocation\DSC_SqlDatabaseDefaultLocation.schema.mof|DSCResources\DSC_SqlDatabaseMail\en-US\about_SqlDatabaseMail.help.txt|DSCResources\DSC_SqlDatabaseDefaultLocation\DSC_SqlDatabaseDefaultLocation.psm1|DSCResources\DSC_SqlSetup\sv-SE\DSC_SqlSetup.strings.psd1|DSCResources\DSC_SqlConfiguration\README.md|DSCResources\DSC_SqlSetup\en-US\about_SqlSetup.help.txt|DSCResources\DSC_SqlConfiguration\DSC_SqlConfiguration.psm1|DSCResources\DSC_SqlSetup\en-US\DSC_SqlSetup.strings.psd1|DSCResources\DSC_SqlConfiguration\DSC_SqlConfiguration.schema.mof|DSCResources\DSC_SqlAgentOperator\en-US\DSC_SqlAgentOperator.strings.psd1|DSCResources\DSC_SqlTraceFlag\README.md|DSCResources\DSC_SqlAgentOperator\en-US\about_SqlAgentOperator.help.txt|DSCResources\DSC_SqlTraceFlag\DSC_SqlTraceFlag.psm1|DSCResources\DSC_SqlRSSetup\en-US\about_SqlRSSetup.help.txt|DSCResources\DSC_SqlTraceFlag\DSC_SqlTraceFlag.schema.mof|DSCResources\DSC_SqlRSSetup\en-US\DSC_SqlRSSetup.strings.psd1|DSCResources\DSC_SqlAgentAlert\README.md|DSCResources\DSC_SqlProtocolTcpIp\en-US\about_SqlProtocolTcpIp.help.txt|DSCResources\DSC_SqlAgentAlert\DSC_SqlAgentAlert.schema.mof|DSCResources\DSC_SqlProtocolTcpIp\en-US\DSC_SqlProtocolTcpIp.strings.psd1|DSCResources\DSC_SqlAgentAlert\DSC_SqlAgentAlert.psm1|DSCResources\DSC_SqlAlwaysOnService\en-US\DSC_SqlAlwaysOnService.strings.psd1|DSCResources\DSC_SqlDatabaseUser\README.md|DSCResources\DSC_SqlAlwaysOnService\en-US\about_SqlAlwaysOnService.help.txt|DSCResources\DSC_SqlDatabaseUser\DSC_SqlDatabaseUser.schema.mof|DSCResources\DSC_SqlEndpoint\en-US\DSC_SqlEndpoint.strings.psd1|DSCResources\DSC_SqlDatabaseUser\DSC_SqlDatabaseUser.psm1|DSCResources\DSC_SqlEndpoint\en-US\about_SqlEndpoint.help.txt|DSCResources\DSC_SqlAGDatabase\README.md|DSCResources\DSC_SqlReplication\en-US\about_SqlReplication.help.txt|DSCResources\DSC_SqlAGDatabase\DSC_SqlAGDatabase.schema.mof|DSCResources\DSC_SqlReplication\en-US\DSC_SqlReplication.strings.psd1|DSCResources\DSC_SqlAGDatabase\DSC_SqlAGDatabase.psm1|DSCResources\DSC_SqlScriptQuery\en-US\about_SqlScriptQuery.help.txt|DSCResources\DSC_SqlDatabaseMail\README.md|DSCResources\DSC_SqlScriptQuery\en-US\DSC_SqlScriptQuery.strings.psd1|DSCResources\DSC_SqlDatabaseMail\DSC_SqlDatabaseMail.psm1|DSCResources\DSC_SqlAGReplica\en-US\about_SqlAGReplica.help.txt|DSCResources\DSC_SqlDatabaseMail\DSC_SqlDatabaseMail.schema.mof|DSCResources\DSC_SqlAGReplica\en-US\DSC_SqlAGReplica.strings.psd1|DSCResources\DSC_SqlSetup\README.md|DSCResources\DSC_SqlAlias\en-US\DSC_SqlAlias.strings.psd1|DSCResources\DSC_SqlSetup\DSC_SqlSetup.psm1|DSCResources\DSC_SqlAlias\en-US\about_SqlAlias.help.txt|DSCResources\DSC_SqlSetup\DSC_SqlSetup.schema.mof|DSCResources\DSC_SqlDatabaseRole\en-US\about_SqlDatabaseRole.help.txt|DSCResources\DSC_SqlAgentOperator\README.md|DSCResources\DSC_SqlDatabaseRole\en-US\DSC_SqlDatabaseRole.strings.psd1|DSCResources\DSC_SqlAgentOperator\DSC_SqlAgentOperator.schema.mof|DSCResources\DSC_SqlAG\en-US\DSC_SqlAG.strings.psd1|DSCResources\DSC_SqlAgentOperator\DSC_SqlAgentOperator.psm1|DSCResources\DSC_SqlAG\en-US\about_SqlAG.help.txt|DSCResources\DSC_SqlRSSetup\README.md|Modules\DscResource.Common\0.14.0\DscResource.Common.psd1|DSCResources\DSC_SqlRSSetup\DSC_SqlRSSetup.psm1|Modules\DscResource.Common\0.14.0\DscResource.Common.psm1|DSCResources\DSC_SqlRSSetup\DSC_SqlRSSetup.schema.mof|Modules\SqlServerDsc.Common\sv-SE\SqlServerDsc.Common.strings.psd1|DSCResources\DSC_SqlProtocolTcpIp\README.md|Modules\SqlServerDsc.Common\en-US\SqlServerDsc.Common.strings.psd1|DSCResources\DSC_SqlProtocolTcpIp\DSC_SqlProtocolTcpIp.psm1|Modules\DscResource.Base\1.1.0\DscResource.Base.psd1|DSCResources\DSC_SqlProtocolTcpIp\DSC_SqlProtocolTcpIp.schema.mof|Modules\DscResource.Base\1.1.0\DscResource.Base.psm1|DSCResources\DSC_SqlAlwaysOnService\README.md|Modules\DscResource.Common\0.14.0\en-US\about_DscResource.Common.help.txt|DSCResources\DSC_SqlAlwaysOnService\DSC_SqlAlwaysOnService.psm1|Modules\DscResource.Common\0.14.0\en-US\DscResource.Common.strings.psd1|DSCResources\DSC_SqlAlwaysOnService\DSC_SqlAlwaysOnService.schema.mof|Modules\DscResource.Base\1.1.0\en-US\DscResource.Base.strings.psd1|DSCResources\DSC_SqlEndpoint\README.md|Modules\DscResource.Base\1.1.0\en-US\ResourceBase.strings.psd1|DSCResources\DSC_SqlEndpoint\DSC_SqlEndpoint.schema.mof|Modules\DscResource.Base\1.1.0\en-US\about_DscResource.Base.help.txt|DSCResources\DSC_SqlEndpoint\DSC_SqlEndpoint.psm1|Modules\DscResource.Base\1.1.0\Modules\DscResource.Common\0.14.0\DscResource.Common.psd1|DSCResources\DSC_SqlReplication\README.md|Modules\DscResource.Base\1.1.0\Modules\DscResource.Common\0.14.0\DscResource.Common.psm1|DSCResources\DSC_SqlReplication\DSC_SqlReplication.schema.mof|Modules\DscResource.Base\1.1.0\Modules\DscResource.Common\0.14.0\en-US\about_DscResource.Common.help.txt|DSCResources\DSC_SqlReplication\DSC_SqlReplication.psm1|Modules\DscResource.Base\1.1.0\Modules\DscResource.Common\0.14.0\en-US\DscResource.Common.strings.psd1|DSCResources\DSC_SqlScriptQuery\README.md</S>
          <S N="GUID">693ee082-ed36-45a7-b490-88b07c86b42f</S>
          <S N="PowerShellVersion">5.0</S>
          <S N="CLRVersion">4.0</S>
          <S N="CompanyName">DSC Community</S>
        </MS>
      </Obj>
      <S N="InstalledLocation">C:\Users\labadmin\Documents\PowerShell\Modules\SqlServerDsc\16.1.0</S>
    </MS>
  </Obj>
</Objs>
