<Objs Version="1.1.0.1" xmlns="http://schemas.microsoft.com/powershell/2004/04">
  <Obj RefId="0">
    <TN RefId="0">
      <T>Microsoft.PowerShell.Commands.PSRepositoryItemInfo</T>
      <T>System.Management.Automation.PSCustomObject</T>
      <T>System.Object</T>
    </TN>
    <MS>
      <S N="Name">UpdateServicesDsc</S>
      <Version N="Version">1.2.1</Version>
      <S N="Type">Module</S>
      <S N="Description">Module with DSC Resources for deployment and configuration of Windows Server Update Services.</S>
      <S N="Author">DSC Community</S>
      <Obj N="CompanyName" RefId="1">
        <TN RefId="1">
          <T>System.Object[]</T>
          <T>System.Array</T>
          <T>System.Object</T>
        </TN>
        <LST>
          <S>gaelcolas</S>
          <S>migreene</S>
          <S>dsccommunity</S>
        </LST>
      </Obj>
      <S N="Copyright">(c) Copyright the DSC Community contributors. All rights reserved.</S>
      <DT N="PublishedDate">2020-05-21T16:44:56-04:00</DT>
      <Obj N="InstalledDate" RefId="2">
        <DT>2022-04-21T15:51:44.1563372-04:00</DT>
        <MS>
          <Obj N="DisplayHint" RefId="3">
            <TN RefId="2">
              <T>Microsoft.PowerShell.Commands.DisplayHintType</T>
              <T>System.Enum</T>
              <T>System.ValueType</T>
              <T>System.Object</T>
            </TN>
            <ToString>DateTime</ToString>
            <I32>2</I32>
          </Obj>
        </MS>
      </Obj>
      <Nil N="UpdatedDate" />
      <URI N="LicenseUri">https://github.com/dsccommunity/UpdateServicesDsc/blob/master/LICENSE</URI>
      <URI N="ProjectUri">https://github.com/dsccommunity/UpdateServicesDsc/</URI>
      <URI N="IconUri">https://dsccommunity.org/images/DSC_Logo_300p.png</URI>
      <Obj N="Tags" RefId="4">
        <TNRef RefId="1" />
        <LST>
          <S>DSCResource</S>
          <S>WSUS</S>
          <S>DSCResourceKit</S>
          <S>PSModule</S>
        </LST>
      </Obj>
      <Obj N="Includes" RefId="5">
        <TN RefId="3">
          <T>System.Collections.Hashtable</T>
          <T>System.Object</T>
        </TN>
        <DCT>
          <En>
            <S N="Key">Command</S>
            <Obj N="Value" RefId="6">
              <TNRef RefId="1" />
              <LST />
            </Obj>
          </En>
          <En>
            <S N="Key">Cmdlet</S>
            <Ref N="Value" RefId="6" />
          </En>
          <En>
            <S N="Key">RoleCapability</S>
            <Ref N="Value" RefId="6" />
          </En>
          <En>
            <S N="Key">Function</S>
            <Ref N="Value" RefId="6" />
          </En>
          <En>
            <S N="Key">DscResource</S>
            <Obj N="Value" RefId="7">
              <TNRef RefId="1" />
              <LST>
                <S>UpdateServicesApprovalRule</S>
                <S>UpdateServicesCleanup</S>
                <S>UpdateServicesServer</S>
              </LST>
            </Obj>
          </En>
          <En>
            <S N="Key">Workflow</S>
            <Ref N="Value" RefId="6" />
          </En>
        </DCT>
      </Obj>
      <Nil N="PowerShellGetFormatVersion" />
      <S N="ReleaseNotes">## [1.2.1] - 2020-05-21_x000A__x000D__x000A_### Changed_x000D__x000A__x000D__x000A_- Updated inital offline package sync WSUS.cab.</S>
      <Obj N="Dependencies" RefId="8">
        <TNRef RefId="1" />
        <LST />
      </Obj>
      <S N="RepositorySourceLocation">https://www.powershellgallery.com/api/v2</S>
      <S N="Repository">PSGallery</S>
      <S N="PackageManagementProvider">NuGet</S>
      <Obj N="AdditionalMetadata" RefId="9">
        <TN RefId="4">
          <T>System.Management.Automation.PSCustomObject</T>
          <T>System.Object</T>
        </TN>
        <MS>
          <S N="copyright">(c) Copyright the DSC Community contributors. All rights reserved.</S>
          <S N="description">Module with DSC Resources for deployment and configuration of Windows Server Update Services.</S>
          <S N="requireLicenseAcceptance">False</S>
          <S N="releaseNotes">## [1.2.1] - 2020-05-21_x000A__x000D__x000A_### Changed_x000D__x000A__x000D__x000A_- Updated inital offline package sync WSUS.cab.</S>
          <S N="isLatestVersion">True</S>
          <S N="isAbsoluteLatestVersion">True</S>
          <S N="versionDownloadCount">91793</S>
          <S N="downloadCount">152018</S>
          <S N="packageSize">662361</S>
          <S N="published">5/21/2020 4:44:56 PM -04:00</S>
          <S N="created">5/21/2020 4:44:56 PM -04:00</S>
          <S N="lastUpdated">4/21/2022 5:46:33 PM -04:00</S>
          <S N="tags">DSCResource WSUS DSCResourceKit PSModule PSDscResource_UpdateServicesApprovalRule PSDscResource_UpdateServicesCleanup PSDscResource_UpdateServicesServer PSIncludes_DscResource</S>
          <S N="developmentDependency">False</S>
          <S N="updated">2022-04-21T17:46:33Z</S>
          <S N="NormalizedVersion">1.2.1</S>
          <S N="Authors">DSC Community</S>
          <S N="IsPrerelease">false</S>
          <S N="ItemType">Module</S>
          <S N="FileList">UpdateServicesDsc.nuspec|UpdateServicesDsc.psd1|en-US\about_UpdateServicesDsc.help.txt|en-US\UpdateServices.strings.psd1|Modules\PDT\PDT.psm1|DSCResources\MSFT_UpdateServicesServer\MSFT_UpdateServicesServer.psm1|DSCResources\MSFT_UpdateServicesServer\MSFT_UpdateServicesServer.schema.mof|DSCResources\MSFT_UpdateServicesServer\WSUS.cab|DSCResources\MSFT_UpdateServicesCleanup\MSFT_UpdateServicesCleanup.schema.mof|DSCResources\MSFT_UpdateServicesCleanup\MSFT_UpdateServicesCleanup.psm1|DSCResources\MSFT_UpdateServicesApprovalRule\MSFT_UpdateServicesApprovalRule.psm1|DSCResources\MSFT_UpdateServicesApprovalRule\MSFT_UpdateServicesApprovalRule.schema.mof|Modules\PDT\en-us\PDT.strings.psd1|Modules\DscResource.Common\0.9.0\DscResource.Common.psm1|Modules\DscResource.Common\0.9.0\DscResource.Common.psd1|DSCResources\MSFT_UpdateServicesServer\en-US\MSFT_UpdateServicesServer.strings.psd1|DSCResources\MSFT_UpdateServicesCleanup\en-US\MSFT_UpdateServicesCleanup.strings.psd1|DSCResources\MSFT_UpdateServicesApprovalRule\en-US\MSFT_UpdateServicesApprovalRule.strings.psd1|Modules\DscResource.Common\0.9.0\en-US\about_DscResource.Common.help.txt|Modules\DscResource.Common\0.9.0\en-US\DscResource.Common.strings.psd1</S>
          <S N="GUID">bc19eee1-0dce-4be1-8404-ae6df1ae347d</S>
          <S N="PowerShellVersion">5.1</S>
          <S N="CLRVersion">4.0</S>
          <S N="CompanyName">DSC Community</S>
        </MS>
      </Obj>
      <S N="InstalledLocation">C:\Users\devadmin\Documents\PowerShell\Modules\UpdateServicesDsc\1.2.1</S>
    </MS>
  </Obj>
</Objs>
