<Objs Version="1.1.0.1" xmlns="http://schemas.microsoft.com/powershell/2004/04">
  <Obj RefId="0">
    <TN RefId="0">
      <T>Microsoft.PowerShell.Commands.PSRepositoryItemInfo</T>
      <T>System.Management.Automation.PSCustomObject</T>
      <T>System.Object</T>
    </TN>
    <MS>
      <S N="Name">GroupPolicyDsc</S>
      <Version N="Version">1.0.3</Version>
      <S N="Type">Module</S>
      <S N="Description">This module provides the functionality needed to manipulate Group Policy.</S>
      <S N="Author">Daniel Snelling</S>
      <S N="CompanyName">Daniel.Snelling</S>
      <S N="Copyright">(c) 2019 Citadel Group. All rights reserved.</S>
      <DT N="PublishedDate">2019-05-15T22:10:37-04:00</DT>
      <Obj N="InstalledDate" RefId="1">
        <DT>2024-03-10T11:57:42.6474475-04:00</DT>
        <MS>
          <Obj N="DisplayHint" RefId="2">
            <TN RefId="1">
              <T>Microsoft.PowerShell.Commands.DisplayHintType</T>
              <T>System.Enum</T>
              <T>System.ValueType</T>
              <T>System.Object</T>
            </TN>
            <ToString>DateTime</ToString>
            <I32>2</I32>
          </Obj>
        </MS>
      </Obj>
      <Nil N="UpdatedDate" />
      <URI N="LicenseUri">https://github.com/citadelgroup/GroupPolicyDsc/blob/master/LICENSE</URI>
      <URI N="ProjectUri">https://github.com/citadelgroup/GroupPolicyDsc</URI>
      <Nil N="IconUri" />
      <Obj N="Tags" RefId="3">
        <TN RefId="2">
          <T>System.Object[]</T>
          <T>System.Array</T>
          <T>System.Object</T>
        </TN>
        <LST>
          <S>DesiredStateConfiguration</S>
          <S>DSC</S>
          <S>DSCResourceKit</S>
          <S>DSCResource</S>
          <S>ActiveDirectory</S>
          <S>GPO</S>
          <S>GroupPolicy</S>
          <S>PSModule</S>
        </LST>
      </Obj>
      <Obj N="Includes" RefId="4">
        <TN RefId="3">
          <T>System.Collections.Hashtable</T>
          <T>System.Object</T>
        </TN>
        <DCT>
          <En>
            <S N="Key">RoleCapability</S>
            <Obj N="Value" RefId="5">
              <TNRef RefId="2" />
              <LST />
            </Obj>
          </En>
          <En>
            <S N="Key">Command</S>
            <Ref N="Value" RefId="5" />
          </En>
          <En>
            <S N="Key">Workflow</S>
            <Ref N="Value" RefId="5" />
          </En>
          <En>
            <S N="Key">Cmdlet</S>
            <Ref N="Value" RefId="5" />
          </En>
          <En>
            <S N="Key">DscResource</S>
            <Obj N="Value" RefId="6">
              <TNRef RefId="2" />
              <LST>
                <S>GroupPolicy</S>
                <S>GPLink</S>
                <S>GPPermission</S>
                <S>GPRegistryValue</S>
              </LST>
            </Obj>
          </En>
          <En>
            <S N="Key">Function</S>
            <Ref N="Value" RefId="5" />
          </En>
        </DCT>
      </Obj>
      <Nil N="PowerShellGetFormatVersion" />
      <S N="ReleaseNotes">V1 Release</S>
      <Obj N="Dependencies" RefId="7">
        <TNRef RefId="2" />
        <LST />
      </Obj>
      <S N="RepositorySourceLocation">https://www.powershellgallery.com/api/v2</S>
      <S N="Repository">PSGallery</S>
      <S N="PackageManagementProvider">NuGet</S>
      <Obj N="AdditionalMetadata" RefId="8">
        <TN RefId="4">
          <T>System.Management.Automation.PSCustomObject</T>
          <T>System.Object</T>
        </TN>
        <MS>
          <S N="copyright">(c) 2019 Citadel Group. All rights reserved.</S>
          <S N="description">This module provides the functionality needed to manipulate Group Policy.</S>
          <S N="requireLicenseAcceptance">False</S>
          <S N="releaseNotes">V1 Release</S>
          <S N="isLatestVersion">True</S>
          <S N="isAbsoluteLatestVersion">True</S>
          <S N="versionDownloadCount">208950</S>
          <S N="downloadCount">257513</S>
          <S N="packageSize">88865</S>
          <S N="published">5/15/2019 10:10:37 PM -04:00</S>
          <S N="created">5/15/2019 10:10:37 PM -04:00</S>
          <S N="lastUpdated">3/10/2024 3:54:07 PM -04:00</S>
          <S N="tags">DesiredStateConfiguration DSC DSCResourceKit DSCResource ActiveDirectory GPO GroupPolicy PSModule PSDscResource_GroupPolicy PSDscResource_GPLink PSDscResource_GPPermission PSDscResource_GPRegistryValue PSIncludes_DscResource</S>
          <S N="developmentDependency">False</S>
          <S N="updated">2024-03-10T15:54:07Z</S>
          <S N="NormalizedVersion">1.0.3</S>
          <S N="Authors">Daniel Snelling</S>
          <S N="IsPrerelease">false</S>
          <S N="ItemType">Module</S>
          <S N="FileList">GroupPolicyDsc.nuspec|appveyor.yml|GroupPolicyDsc.psd1|LICENSE|README.md|.git\COMMIT_EDITMSG|.git\config|.git\description|.git\FETCH_HEAD|.git\HEAD|.git\index|.git\ORIG_HEAD|.git\packed-refs|Examples\Sample_CreateNewGPLink.ps1|Examples\Sample_CreateNewGPPermission.ps1|Examples\Sample_CreateNewGPRegistryValue.ps1|Examples\Sample_CreateNewGroupPolicy.ps1|.git\hooks\applypatch-msg.sample|.git\hooks\commit-msg.sample|.git\hooks\fsmonitor-watchman.sample|.git\hooks\post-update.sample|.git\hooks\pre-applypatch.sample|.git\hooks\pre-commit.sample|.git\hooks\pre-push.sample|.git\hooks\pre-rebase.sample|.git\hooks\pre-receive.sample|.git\hooks\prepare-commit-msg.sample|.git\hooks\update.sample|.git\info\exclude|.git\logs\HEAD|DSCClassResources\GPLink\GPLink.psd1|DSCClassResources\GPLink\GPLink.psm1|DSCClassResources\GPPermission\GPPermission.psd1|DSCClassResources\GPPermission\GPPermission.psm1|DSCClassResources\GPRegistryValue\GPRegistryValue.psd1|DSCClassResources\GPRegistryValue\GPRegistryValue.psm1|DSCClassResources\GroupPolicy\GroupPolicy.psd1|DSCClassResources\GroupPolicy\GroupPolicy.psm1|.git\objects\00\4ec507b9bdfb98cdb49d5e4eb280bbe14cb959|.git\objects\00\b1ce591d83a47c12ea534ee2e64bebbe902264|.git\objects\02\7998a5e7a498145427d932b2b656d1b404f5af|.git\objects\05\6048f460118169cc3784d20c19c4df47aee917|.git\objects\07\3689fa002386e36e849b45200e7092468dbe57|.git\objects\0b\6ea16ba61d778671b1ba570d802cb79b47dc1a|.git\objects\0c\a59717aacc4406c6fca99304de26d27e4b015d|.git\objects\0d\2eec2491aa1974fc55b1998b22fbfca6e1e9a3|.git\objects\14\2b7d3dcc1a7ef7470b22b9aec02adfa4b99acf|.git\objects\16\c5f1dfab89ea912227eb541ba1424d83093a52|.git\objects\17\13bd84296029d1f165482454a9860d860ede8f|.git\objects\1d\305f827209fa8ea66b68680d1af74c1b850845|.git\objects\20\46ab15307d230009f249229b832bed8dca89f2|.git\objects\21\c94c17de34308389bd11e7c884776b16b9a268|.git\objects\23\846d4629f5454b6353bfe53ae1ccafa0eacf32|.git\objects\26\1080891838785959fe8d28947bc143e17bad17|.git\objects\26\1bf122fb336fb9b40a5244bc6017cbe5d74f11|.git\objects\26\cf05dde99f601550d7977469ddadabdc95d869|.git\objects\2d\19908690c739bbd91280af8fbaa3b9250ab128|.git\objects\37\8c4e9a3bb194766c95d19ba8367c9afc7f389b|.git\objects\39\12df816c1e076d178661e9de17cdc20ebd0e3f|.git\objects\39\fc3d17499056719f39256ad788b6077ca371a3|.git\objects\3b\2b9ba7d091b6c04a7dd03e384a843178dc0131|.git\objects\47\cf03a9b8c6a4e8727860aa0b319545f85c7af8|.git\objects\48\bed5618350a90199db45f585ba2d1901435bdd|.git\objects\4a\72868b87734b014021f83e114b849a69b55dfb|.git\objects\4b\da0b9c5610c1af4b8d651d285831a0a6e7a650|.git\objects\50\6e9759fcf044d9786a34a484d0362534e9faad|.git\objects\54\f08a1931da88c829c5c9b52d8f784c2d73b7b3|.git\objects\59\90270994b6b16b98738571dbbfced8a8fe4bd2|.git\objects\59\ef0c7cd6b3a186ee04fa100536a8f588859bda|.git\objects\5f\f48e2e4cddd0a6d09507e6fb6c54f8e7e1efbb|.git\objects\64\91d811adbbd473bb5c8102c3f89dde9eb19354|.git\objects\65\7c3b790f5cd80aeb2af26d0c395fd4b4553d7a|.git\objects\68\60c8ab000d3470e3d04e79d260c0704181d13e|.git\objects\69\34b1b124591e683f184f3a5f7d8cf45f7b6b8a|.git\objects\6e\07a9422dac1b8e54124719b01182b06dcb7a0a|.git\objects\6f\51e91de92b19fb88a7f24f60bf9a22a61986c0|.git\objects\77\331b1c3f8787797c379366dbae24b2d417540c|.git\objects\77\5f0b60f109ef3ad8e1dcb8fb5b591acb13ebc6|.git\objects\7c\8ea6256e700fe7828521d5b1ffa874b752f9b6|.git\objects\7d\e260bba1f48a00b9eb0d635ce2052c1fc72801|.git\objects\81\b10ee5c304b3b4011ba967261095e6d4a71a2d|.git\objects\89\483ee566ac1d07b42652b146184ffc2c8e36cc|.git\objects\8a\0cb94dac7390665fae77258acc2fddaa2c706d|.git\objects\8c\110853632a27f0e7584495f1a85f054a466ed2|.git\objects\90\246a0dd4ab5c6626a380f2e0d7efff519c7486|.git\objects\90\fb5b230676627b7b1d672560d197043497557f|.git\objects\91\4d070b7d4d9d85686e20d182d5a903e6f2c7d7|.git\objects\92\164bd2b29c16140c616e7c46698634c4b81f61|.git\objects\97\7a8e6dcea77929fcbe013ebf9a59e92922b509|.git\objects\9d\7c36b3d92d2815d562af79bf3d5dc163b1dc6e|.git\objects\a0\1a4cba9615e492bf7eeb0ed629bcf4333678c0|.git\objects\a0\b03a58e7f5422363ec7e9d199e63b6950d342a|.git\objects\a0\f0702d2f2bdac0993b8608c759f641282c23ad|.git\objects\a5\7f739c22cb81ab719fd4c049a7a831edad37e8|.git\objects\a8\f2296ec7495d35c09fcca56c8fd4c0958e978d|.git\objects\b1\6198c41f637fcddf94fac5901601e564512301|.git\objects\b1\914ed9ff3b21676c9b5c7ea068fa54310520cb|.git\objects\b2\d1b3380a6dd3899d1eeaf6c335d6a940bd6942|.git\objects\ba\6f6cfcd4c8c1571c1e4e91f8a9da38cab5ab2a|.git\objects\ba\a755e7bcd5ba80e0206f98992aa23fa11966c8|.git\objects\ba\d3e54ee16bad5c4677241d14b67f9c71215c8f|.git\objects\bc\457d5ed1f8f309dd16b7436b33b59e52ef29da|.git\objects\c1\afbd6c4a74052b6deddf9d884bd531ce276df3|.git\objects\c2\158b9421851a675dc2936ff65011285ceb7e8b|.git\objects\c3\14ef1fd1aab9a157c4ef35345b58e8f3f0b5ef|.git\objects\c6\3fedd1da8bb8a35bd3b93f260dac7c75be8a14|.git\objects\cb\18c9d5e0b97a2a0242f805a20d7b64482875cf|.git\objects\cc\c79923348c28fab19f47d9245240195cdbec40|.git\objects\cd\bafc4adf06c79fe0b1f35f587f22d3245af47e|.git\objects\cf\4920aaeb04f885e2e70e0cf1c97aec35e94ed1|.git\objects\d1\134ac33bba81208bc4131142a2c15a122a1ecb|.git\objects\d1\94f40982b005ea99759117cac6b8913d5b598a|.git\objects\d7\92f7ed57d004161d735bf712ff501430f9d67c|.git\objects\d9\44582b0974cda6cea8bffa80446e9b4d90640d|.git\objects\da\e75e7c29580b80cb37e6a5509c3100eb4a85bd|.git\objects\db\215ba394e7bc5263d10ff7bb445848ae652afb|.git\objects\dc\05fa78133262f2e101667d7420f35c8532450a|.git\objects\df\0d919794b8b91884bf5b48218c4420d793d4f2|.git\objects\e1\4fbccb4392fb67cdc2e692746ff5488238b39d|.git\objects\e9\2d6e5d2063cf3c784c16fcb0a553453959acc1|.git\objects\f2\769e8dfc4c510e786ce37daa0fe98b4a9826a7|.git\objects\f4\0aa95f33324c09200f937f808078fdee1b7694|.git\objects\f5\1f0fce899e431d999f3ee0972f7225b0c403ad|.git\objects\f5\bd830d2d7e5183f62a100f594f15715c2e25e6|.git\objects\fb\966b50210476efd012094f485d0c2cae56cfae|.git\objects\fc\6ac2891a592b6195bb745fb37dbbc8308cf045|.git\objects\fe\0e9886393b880f8f9862d777b57b85cafd55fe|.git\refs\heads\dev|.git\refs\heads\master|.git\logs\refs\heads\dev|.git\logs\refs\heads\master|.git\refs\remotes\origin\dev|.git\refs\remotes\origin\HEAD|.git\refs\remotes\origin\master|.git\logs\refs\remotes\origin\dev|.git\logs\refs\remotes\origin\HEAD|.git\logs\refs\remotes\origin\master</S>
          <S N="GUID">1fd2201b-8028-4ee3-a8d2-2942c9c1b107</S>
          <S N="PowerShellVersion">5.1</S>
          <S N="CompanyName">Citadel Group</S>
        </MS>
      </Obj>
      <S N="InstalledLocation">C:\Program Files\PowerShell\Modules\GroupPolicyDsc\1.0.3</S>
    </MS>
  </Obj>
</Objs>
