<Objs Version="1.1.0.1" xmlns="http://schemas.microsoft.com/powershell/2004/04">
  <Obj RefId="0">
    <TN RefId="0">
      <T>Microsoft.PowerShell.Commands.PSRepositoryItemInfo</T>
      <T>System.Management.Automation.PSCustomObject</T>
      <T>System.Object</T>
    </TN>
    <MS>
      <S N="Name">LanguageDsc</S>
      <Version N="Version">1.0.0.0</Version>
      <S N="Type">Module</S>
      <S N="Description">DSC Module for managing the installation and removal of language packs and setting language settings on Windows operating systems</S>
      <S N="Author">Leo D'Arcy</S>
      <S N="CompanyName">ld0614</S>
      <S N="Copyright">(c) 2017 Leo D'Arcy. All rights reserved.</S>
      <DT N="PublishedDate">2017-10-29T16:14:16-04:00</DT>
      <Obj N="InstalledDate" RefId="1">
        <DT>2023-08-18T14:29:21.2433488-04:00</DT>
        <MS>
          <Obj N="DisplayHint" RefId="2">
            <TN RefId="1">
              <T>Microsoft.PowerShell.Commands.DisplayHintType</T>
              <T>System.Enum</T>
              <T>System.ValueType</T>
              <T>System.Object</T>
            </TN>
            <ToString>DateTime</ToString>
            <I32>2</I32>
          </Obj>
        </MS>
      </Obj>
      <Nil N="UpdatedDate" />
      <URI N="LicenseUri">https://github.com/ld0614/LanguageDsc/blob/master/LICENSE</URI>
      <URI N="ProjectUri">https://github.com/ld0614/LanguageDsc</URI>
      <Nil N="IconUri" />
      <Obj N="Tags" RefId="3">
        <TN RefId="2">
          <T>System.Object[]</T>
          <T>System.Array</T>
          <T>System.Object</T>
        </TN>
        <LST>
          <S>Language</S>
          <S>LanguageDSC</S>
          <S>LanguagePack</S>
          <S>DSC</S>
          <S>DesiredStateConfiguration</S>
          <S>DSCResource</S>
          <S>PSModule</S>
        </LST>
      </Obj>
      <Obj N="Includes" RefId="4">
        <TN RefId="3">
          <T>System.Collections.Hashtable</T>
          <T>System.Object</T>
        </TN>
        <DCT>
          <En>
            <S N="Key">Cmdlet</S>
            <Obj N="Value" RefId="5">
              <TNRef RefId="2" />
              <LST />
            </Obj>
          </En>
          <En>
            <S N="Key">Command</S>
            <Ref N="Value" RefId="5" />
          </En>
          <En>
            <S N="Key">Function</S>
            <Ref N="Value" RefId="5" />
          </En>
          <En>
            <S N="Key">Workflow</S>
            <Ref N="Value" RefId="5" />
          </En>
          <En>
            <S N="Key">RoleCapability</S>
            <Ref N="Value" RefId="5" />
          </En>
          <En>
            <S N="Key">DscResource</S>
            <Obj N="Value" RefId="6">
              <TNRef RefId="2" />
              <LST>
                <S>Language</S>
                <S>LanguagePack</S>
              </LST>
            </Obj>
          </En>
        </DCT>
      </Obj>
      <Nil N="PowerShellGetFormatVersion" />
      <S N="ReleaseNotes">Initial Release of LanguageDSC Module containing Language and LanguagePack resources</S>
      <Obj N="Dependencies" RefId="7">
        <TNRef RefId="2" />
        <LST />
      </Obj>
      <S N="RepositorySourceLocation">https://www.powershellgallery.com/api/v2</S>
      <S N="Repository">PSGallery</S>
      <S N="PackageManagementProvider">NuGet</S>
      <Obj N="AdditionalMetadata" RefId="8">
        <TN RefId="4">
          <T>System.Management.Automation.PSCustomObject</T>
          <T>System.Object</T>
        </TN>
        <MS>
          <S N="summary">DSC Module for managing the installation and removal of language packs and setting language settings on Windows operating systems</S>
          <S N="copyright">(c) 2017 Leo D'Arcy. All rights reserved.</S>
          <S N="description">DSC Module for managing the installation and removal of language packs and setting language settings on Windows operating systems</S>
          <S N="requireLicenseAcceptance">True</S>
          <S N="releaseNotes">Initial Release of LanguageDSC Module containing Language and LanguagePack resources</S>
          <S N="isLatestVersion">True</S>
          <S N="isAbsoluteLatestVersion">True</S>
          <S N="versionDownloadCount">9914</S>
          <S N="downloadCount">9914</S>
          <S N="packageSize">15526</S>
          <S N="published">10/29/2017 4:14:16 PM -04:00</S>
          <S N="created">10/29/2017 4:14:16 PM -04:00</S>
          <S N="lastEdited">10/29/2017 4:17:05 PM -04:00</S>
          <S N="lastUpdated">8/18/2023 6:10:00 AM -04:00</S>
          <S N="tags">Language LanguageDSC LanguagePack DSC DesiredStateConfiguration DSCResource PSModule PSDscResource_Language PSDscResource_LanguagePack PSIncludes_DscResource</S>
          <S N="title">LanguageDSC</S>
          <S N="developmentDependency">False</S>
          <S N="updated">2023-08-18T06:10:00Z</S>
          <S N="NormalizedVersion">1.0.0</S>
          <S N="Authors">Leo D'Arcy</S>
          <S N="IsPrerelease">false</S>
          <S N="ItemType">Module</S>
          <S N="FileList">LanguageDsc.nuspec|LanguageDsc.psd1|LICENSE|README.md|DSCResources\MSFT_Language\MSFT_Language.psm1|DSCResources\MSFT_Language\MSFT_Language.schema.mof|DSCResources\MSFT_LanguagePack\MSFT_LanguagePack.psm1|DSCResources\MSFT_LanguagePack\MSFT_LanguagePack.schema.mof|Examples\Sample_CombinedResourceUse.ps1|Examples\Sample_ConfigureLanguage.ps1|Examples\Sample_InstallLanguagePack.ps1|Examples\Sample_RemoveLanguagePack.ps1</S>
          <S N="GUID">04c3e914-2cca-4966-ae58-aa8739d1d905</S>
          <S N="PowerShellVersion">4.0</S>
          <S N="CompanyName">Leo D'Arcy</S>
        </MS>
      </Obj>
      <S N="InstalledLocation">C:\Users\labadmin\Documents\PowerShell\Modules\LanguageDsc\1.0.0.0</S>
    </MS>
  </Obj>
</Objs>
