<Objs Version="1.1.0.1" xmlns="http://schemas.microsoft.com/powershell/2004/04">
  <Obj RefId="0">
    <TN RefId="0">
      <T>Microsoft.PowerShell.Commands.PSRepositoryItemInfo</T>
      <T>System.Management.Automation.PSCustomObject</T>
      <T>System.Object</T>
    </TN>
    <MS>
      <S N="Name">xDhcpServer</S>
      <Version N="Version">3.1.1</Version>
      <S N="Type">Module</S>
      <S N="Description">This module contains DSC resources for deployment and configuration of Microsoft DHCP Server.</S>
      <S N="Author">DSC Community</S>
      <Obj N="CompanyName" RefId="1">
        <TN RefId="1">
          <T>System.Object[]</T>
          <T>System.Array</T>
          <T>System.Object</T>
        </TN>
        <LST>
          <S>PowerShellTeam</S>
          <S>gaelcolas</S>
          <S>dsccommunity</S>
        </LST>
      </Obj>
      <S N="Copyright">Copyright the DSC Community contributors. All rights reserved.</S>
      <DT N="PublishedDate">2023-08-18T07:24:40-04:00</DT>
      <Obj N="InstalledDate" RefId="2">
        <DT>2023-08-18T14:29:12.2867839-04:00</DT>
        <MS>
          <Obj N="DisplayHint" RefId="3">
            <TN RefId="2">
              <T>Microsoft.PowerShell.Commands.DisplayHintType</T>
              <T>System.Enum</T>
              <T>System.ValueType</T>
              <T>System.Object</T>
            </TN>
            <ToString>DateTime</ToString>
            <I32>2</I32>
          </Obj>
        </MS>
      </Obj>
      <Nil N="UpdatedDate" />
      <URI N="LicenseUri">https://github.com/dsccommunity/xDhcpServer/blob/main/LICENSE</URI>
      <URI N="ProjectUri">https://github.com/dsccommunity/xDhcpServer</URI>
      <URI N="IconUri">https://dsccommunity.org/images/DSC_Logo_300p.png</URI>
      <Obj N="Tags" RefId="4">
        <TNRef RefId="1" />
        <LST>
          <S>DesiredStateConfiguration</S>
          <S>DSC</S>
          <S>DSCResourceKit</S>
          <S>DSCResource</S>
          <S>PSModule</S>
        </LST>
      </Obj>
      <Obj N="Includes" RefId="5">
        <TN RefId="3">
          <T>System.Collections.Hashtable</T>
          <T>System.Object</T>
        </TN>
        <DCT>
          <En>
            <S N="Key">Cmdlet</S>
            <Obj N="Value" RefId="6">
              <TNRef RefId="1" />
              <LST />
            </Obj>
          </En>
          <En>
            <S N="Key">Command</S>
            <Ref N="Value" RefId="6" />
          </En>
          <En>
            <S N="Key">Function</S>
            <Ref N="Value" RefId="6" />
          </En>
          <En>
            <S N="Key">Workflow</S>
            <Ref N="Value" RefId="6" />
          </En>
          <En>
            <S N="Key">RoleCapability</S>
            <Ref N="Value" RefId="6" />
          </En>
          <En>
            <S N="Key">DscResource</S>
            <Obj N="Value" RefId="7">
              <TNRef RefId="1" />
              <LST>
                <S>DhcpPolicyOptionValue</S>
                <S>DhcpReservedIPOptionValue</S>
                <S>DhcpScopeOptionValue</S>
                <S>DhcpServerOptionValue</S>
                <S>xDhcpServerAuthorization</S>
                <S>xDhcpServerClass</S>
                <S>xDhcpServerOptionDefinition</S>
                <S>xDhcpServerReservation</S>
                <S>xDhcpServerScope</S>
                <S>DhcpServerBinding</S>
                <S>DhcpServerExclusionRange</S>
              </LST>
            </Obj>
          </En>
        </DCT>
      </Obj>
      <Nil N="PowerShellGetFormatVersion" />
      <Nil N="ReleaseNotes" />
      <Obj N="Dependencies" RefId="8">
        <TNRef RefId="1" />
        <LST />
      </Obj>
      <S N="RepositorySourceLocation">https://www.powershellgallery.com/api/v2</S>
      <S N="Repository">PSGallery</S>
      <S N="PackageManagementProvider">NuGet</S>
      <Obj N="AdditionalMetadata" RefId="9">
        <TN RefId="4">
          <T>System.Management.Automation.PSCustomObject</T>
          <T>System.Object</T>
        </TN>
        <MS>
          <S N="copyright">Copyright the DSC Community contributors. All rights reserved.</S>
          <S N="description">This module contains DSC resources for deployment and configuration of Microsoft DHCP Server.</S>
          <S N="requireLicenseAcceptance">False</S>
          <S N="isLatestVersion">True</S>
          <S N="isAbsoluteLatestVersion">True</S>
          <S N="versionDownloadCount">16</S>
          <S N="downloadCount">280508</S>
          <S N="packageSize">84266</S>
          <S N="published">8/18/2023 7:24:40 AM -04:00</S>
          <S N="created">8/18/2023 7:24:40 AM -04:00</S>
          <S N="lastUpdated">8/18/2023 6:05:06 PM -04:00</S>
          <S N="tags">DesiredStateConfiguration DSC DSCResourceKit DSCResource PSModule PSDscResource_DhcpPolicyOptionValue PSDscResource_DhcpReservedIPOptionValue PSDscResource_DhcpScopeOptionValue PSDscResource_DhcpServerOptionValue PSDscResource_x005F_xDhcpServerAuthorization PSDscResource_x005F_xDhcpServerClass PSDscResource_x005F_xDhcpServerOptionDefinition PSDscResource_x005F_xDhcpServerReservation PSDscResource_x005F_xDhcpServerScope PSDscResource_DhcpServerBinding PSDscResource_DhcpServerExclusionRange PSIncludes_DscResource</S>
          <S N="developmentDependency">False</S>
          <S N="updated">2023-08-18T18:05:06Z</S>
          <S N="NormalizedVersion">3.1.1</S>
          <S N="Authors">DSC Community</S>
          <S N="IsPrerelease">false</S>
          <S N="ItemType">Module</S>
          <S N="FileList">xDhcpServer.nuspec|xDhcpServer.psm1|DSCResources\MSFT_DhcpServerExclusionRange\README.md|xDhcpServer.psd1|DSCResources\MSFT_DhcpServerExclusionRange\MSFT_DhcpServerExclusionRange.psm1|DSCResources\MSFT_DhcpServerExclusionRange\MSFT_DhcpServerExclusionRange.schema.mof|en-US\about_x005F_xDhcpServer.help.txt|DSCResources\MSFT_x005F_xDhcpServerClass\MSFT_x005F_xDhcpServerClass.schema.mof|Modules\DhcpServerDsc.Common\DhcpServerDsc.Common.psm1|DSCResources\MSFT_x005F_xDhcpServerClass\MSFT_x005F_xDhcpServerClass.psm1|Modules\DhcpServerDsc.Common\DhcpServerDsc.Common.psd1|DSCResources\MSFT_x005F_xDhcpServerClass\README.md|Modules\DhcpServerDsc.OptionValueHelper\DhcpServerDsc.OptionValueHelper.psm1|Modules\DhcpServerDsc.Common\en-US\DhcpServerDsc.Common.strings.psd1|Modules\DhcpServerDsc.OptionValueHelper\DhcpServerDsc.OptionValueHelper.psd1|Modules\DscResource.Common\0.16.0\DscResource.Common.psd1|DSCResources\MSFT_DhcpPolicyOptionValue\README.md|Modules\DscResource.Common\0.16.0\DscResource.Common.psm1|DSCResources\MSFT_DhcpPolicyOptionValue\MSFT_DhcpPolicyOptionValue.psm1|Modules\DhcpServerDsc.OptionValueHelper\en-US\DhcpServerDsc.OptionValueHelper.strings.psd1|DSCResources\MSFT_DhcpPolicyOptionValue\MSFT_DhcpPolicyOptionValue.schema.mof|DSCResources\MSFT_DhcpPolicyOptionValue\en-US\MSFT_DhcpPolicyOptionValue.strings.psd1|DSCResources\MSFT_DhcpReservedIPOptionValue\MSFT_DhcpReservedIPOptionValue.psm1|DSCResources\MSFT_DhcpPolicyOptionValue\en-US\about_DhcpPolicyOptionValue.help.txt|DSCResources\MSFT_DhcpReservedIPOptionValue\README.md|DSCResources\MSFT_DhcpReservedIPOptionValue\en-US\about_DhcpReservedIPOptionValue.help.txt|DSCResources\MSFT_DhcpReservedIPOptionValue\MSFT_DhcpReservedIPOptionValue.schema.mof|DSCResources\MSFT_DhcpReservedIPOptionValue\en-US\MSFT_DhcpReservedIPOptionValue.strings.psd1|DSCResources\MSFT_DhcpServerBinding\MSFT_DhcpServerBinding.psm1|DSCResources\MSFT_DhcpServerBinding\en-US\MSFT_DhcpServerBinding.strings.psd1|DSCResources\MSFT_DhcpServerBinding\README.md|DSCResources\MSFT_DhcpServerBinding\en-US\about_DhcpServerBinding.help.txt|DSCResources\MSFT_DhcpServerBinding\MSFT_DhcpServerBinding.schema.mof|DSCResources\MSFT_x005F_xDhcpServerOptionDefinition\en-US\MSFT_x005F_xDhcpServerOptionDefinition.strings.psd1|DSCResources\MSFT_x005F_xDhcpServerOptionDefinition\MSFT_x005F_xDhcpServerOptionDefinition.psm1|DSCResources\MSFT_x005F_xDhcpServerOptionDefinition\en-US\about_x005F_xDhcpServerOptionDefinition.help.txt|DSCResources\MSFT_x005F_xDhcpServerOptionDefinition\README.md|DSCResources\MSFT_DhcpScopeOptionValue\en-US\about_DhcpScopeOptionValue.help.txt|DSCResources\MSFT_x005F_xDhcpServerOptionDefinition\MSFT_x005F_xDhcpServerOptionDefinition.schema.mof|DSCResources\MSFT_DhcpScopeOptionValue\en-US\MSFT_DhcpScopeOptionValue.strings.psd1|DSCResources\MSFT_DhcpScopeOptionValue\README.md|DSCResources\MSFT_x005F_xDhcpServerReservation\en-US\MSFT_x005F_xDhcpServerReservation.strings.psd1|DSCResources\MSFT_DhcpScopeOptionValue\MSFT_DhcpScopeOptionValue.schema.mof|DSCResources\MSFT_x005F_xDhcpServerReservation\en-US\about_x005F_xDhcpServerReservation.help.txt|DSCResources\MSFT_DhcpScopeOptionValue\MSFT_DhcpScopeOptionValue.psm1|DSCResources\MSFT_DhcpServerOptionValue\en-US\about_DhcpServerOptionValue.help.txt|DSCResources\MSFT_x005F_xDhcpServerReservation\README.md|DSCResources\MSFT_DhcpServerOptionValue\en-US\MSFT_DhcpServerOptionValue.strings.psd1|DSCResources\MSFT_x005F_xDhcpServerReservation\MSFT_x005F_xDhcpServerReservation.psm1|DSCResources\MSFT_x005F_xDhcpServerAuthorization\en-US\MSFT_x005F_xDhcpServerAuthorization.strings.psd1|DSCResources\MSFT_x005F_xDhcpServerReservation\MSFT_x005F_xDhcpServerReservation.schema.mof|DSCResources\MSFT_x005F_xDhcpServerAuthorization\en-US\about_x005F_xDhcpServerAuthorization.help.txt|DSCResources\MSFT_DhcpServerOptionValue\MSFT_DhcpServerOptionValue.psm1|DSCResources\MSFT_x005F_xDhcpServerScope\en-US\about_x005F_xDhcpServerScope.help.txt|DSCResources\MSFT_DhcpServerOptionValue\README.md|DSCResources\MSFT_x005F_xDhcpServerScope\en-US\MSFT_x005F_xDhcpServerScope.strings.psd1|DSCResources\MSFT_DhcpServerOptionValue\MSFT_DhcpServerOptionValue.schema.mof|DSCResources\MSFT_DhcpServerExclusionRange\en-US\about_DhcpServerExclusionRange.help.txt|DSCResources\MSFT_x005F_xDhcpServerAuthorization\MSFT_x005F_xDhcpServerAuthorization.psm1|DSCResources\MSFT_DhcpServerExclusionRange\en-US\MSFT_DhcpServerExclusionRange.strings.psd1|DSCResources\MSFT_x005F_xDhcpServerAuthorization\README.md|DSCResources\MSFT_x005F_xDhcpServerClass\en-US\about_x005F_xDhcpServerClass.help.txt|DSCResources\MSFT_x005F_xDhcpServerAuthorization\MSFT_x005F_xDhcpServerAuthorization.schema.mof|DSCResources\MSFT_x005F_xDhcpServerClass\en-US\MSFT_x005F_xDhcpServerClass.strings.psd1|DSCResources\MSFT_x005F_xDhcpServerScope\MSFT_x005F_xDhcpServerScope.psm1|Modules\DscResource.Common\0.16.0\en-US\about_DscResource.Common.help.txt|DSCResources\MSFT_x005F_xDhcpServerScope\README.md|Modules\DscResource.Common\0.16.0\en-US\DscResource.Common.strings.psd1|DSCResources\MSFT_x005F_xDhcpServerScope\MSFT_x005F_xDhcpServerScope.schema.mof</S>
          <S N="GUID">286890c9-a6c3-4605-9cd5-03c8413c8325</S>
          <S N="PowerShellVersion">5.0</S>
          <S N="CompanyName">DSC Community</S>
        </MS>
      </Obj>
      <S N="InstalledLocation">C:\Users\labadmin\Documents\PowerShell\Modules\xDhcpServer\3.1.1</S>
    </MS>
  </Obj>
</Objs>
